source_state,vm_count,mode,round,application_ready_seconds_baseline,application_ready_seconds_variant,application_ready_seconds_improvement_percent,first_operation_seconds_baseline,first_operation_seconds_variant,first_operation_seconds_improvement_percent,held_memory_bytes_baseline,held_memory_bytes_variant,held_memory_bytes_improvement_percent,held_anon_bytes_baseline,held_anon_bytes_variant,held_anon_bytes_improvement_percent,held_file_bytes_baseline,held_file_bytes_variant,held_file_bytes_improvement_percent,held_shmem_bytes_baseline,held_shmem_bytes_variant,held_shmem_bytes_improvement_percent,launch_memory_growth_bytes_baseline,launch_memory_growth_bytes_variant,launch_memory_growth_bytes_improvement_percent,launch_cpu_usec_baseline,launch_cpu_usec_variant,launch_cpu_usec_improvement_percent,launch_io_wbytes_baseline,launch_io_wbytes_variant,launch_io_wbytes_improvement_percent,total_pss_kib_baseline,total_pss_kib_variant,total_pss_kib_improvement_percent
plaintext-cold,1,lazy-pmem,1,0.792179057,0.502978647,36.506949716041284,0.003210953,0.001587861,50.548606597480564,121634816.0,119734272.0,1.5625,53264384.0,51503104.0,3.306674869270994,61173760.0,61054976.0,0.1941747572815534,50163712.0,60825600.0,-21.25418469829346,111886336.0,110149632.0,1.552203836579294,638534.0,603263.0,5.523746582014427,11071488.0,192512.0,98.26119126896042,93938.0,93936.0,0.0021290638506248805
plaintext-cold,1,lazy-pmem,2,1.289399549,0.478638334,62.87897460711769,0.002817435,0.002088123,25.885672606466525,119242752.0,119660544.0,-0.3503709810387469,50880512.0,51150848.0,-0.5313154081468363,61059072.0,61050880.0,0.013416515730864696,50053120.0,60825600.0,-21.522094926350245,108793856.0,110583808.0,-1.6452693799179248,650342.0,586833.0,9.765477241205396,11071488.0,192512.0,98.26119126896042,92534.0,92431.0,0.11131043724468845
plaintext-cold,1,lazy-pmem,3,0.795026772,0.627852524,21.027499184643812,0.003538571,0.004099992,-15.86575484849676,121225216.0,120492032.0,0.6048114610082443,52690944.0,52072448.0,1.173818407960199,61190144.0,61181952.0,0.013387776959635852,50184192.0,60956672.0,-21.465883121123085,112156672.0,111124480.0,0.9203126141260682,696250.0,667753.0,4.092926391382406,11071488.0,192512.0,98.26119126896042,92548.0,92348.0,0.2161040757228681
plaintext-cold,1,lazy-pmem,4,0.777544358,0.697830322,10.252024232423283,0.002967661,0.003215372,-8.347011333167782,120287232.0,117948416.0,1.9443593148772431,51109888.0,49463296.0,3.221670139445424,61169664.0,61161472.0,0.013392259274139548,50163712.0,60936192.0,-21.47464685229036,110694400.0,108388352.0,2.0832562442183162,637519.0,774151.0,-21.431831835600192,11071488.0,192512.0,98.26119126896042,93772.0,92407.0,1.4556584054941775
plaintext-cold,1,lazy-pmem,5,0.651428364,0.514631926,20.999459888424518,0.001709624,0.001834059,-7.278501003729475,119717888.0,120147968.0,-0.3592445600109484,50880512.0,51163136.0,-0.5554661085171471,61059072.0,61050880.0,0.013416515730864696,50053120.0,60825600.0,-21.522094926350245,110145536.0,111071232.0,-0.8404298836041798,643473.0,633480.0,1.552978912868139,11071488.0,192512.0,98.26119126896042,93165.0,92537.0,0.6740728814468953
plaintext-cold,1,lazy-pmem,6,0.930036494,0.731322686,21.366237699485364,0.002129213,0.00314352,-47.63764827661675,122871808.0,122757120.0,0.09333955597039803,53559296.0,54325248.0,-1.430100948302233,61169664.0,61161472.0,0.013392259274139548,50163712.0,60936192.0,-21.47464685229036,113180672.0,112963584.0,0.19180660104226982,631960.0,831968.0,-31.648838534084433,11071488.0,192512.0,98.26119126896042,93825.0,93151.0,0.7183586464162004
plaintext-cold,1,lazy-pmem,7,0.650437564,0.497970787,23.44064756382981,0.00284012,0.001997072,29.683534498542315,121806848.0,121806848.0,0.0,53358592.0,53043200.0,0.5910800644814616,61059072.0,61050880.0,0.013416515730864696,50053120.0,60825600.0,-21.522094926350245,112517120.0,111915008.0,0.5351292318893338,640587.0,613526.0,4.224406677000938,11071488.0,192512.0,98.26119126896042,92685.0,92833.0,-0.1596806387225549
plaintext-cold,1,lazy-pmem,8,0.647718885,0.488042862,24.65205611536245,0.004666404,0.002863967,38.62582408209833,121593856.0,118149120.0,2.8329852455703026,52731904.0,49324032.0,6.462637874786391,61239296.0,61181952.0,0.09363922145675874,50184192.0,60956672.0,-21.465883121123085,112218112.0,107778048.0,3.9566375880570868,630078.0,594998.0,5.5675646507257825,11071488.0,192512.0,98.26119126896042,94222.0,93467.0,0.8012990596675935
plaintext-cold,1,lazy-pmem,9,0.842326927,0.499897601,40.65278160103268,0.003884828,0.002964577,23.68833317717026,116264960.0,122658816.0,-5.499383477188656,47693824.0,54648832.0,-14.582617657162485,61059072.0,61083648.0,-0.04024954719259408,50053120.0,60825600.0,-21.522094926350245,106635264.0,112275456.0,-5.289237151417377,736577.0,639015.0,13.245322620717182,11071488.0,192512.0,98.26119126896042,91997.0,94296.0,-2.4989945324304053
plaintext-cold,1,lazy-pmem,10,0.635124152,0.518019468,18.438077599669057,0.005592066,0.003190513,42.94571988241913,125022208.0,119042048.0,4.783278183664778,56156160.0,50286592.0,10.452224653537563,61059072.0,61227008.0,-0.27503857248272623,50053120.0,61001728.0,-21.873977086743043,115687424.0,109617152.0,5.247132134258604,613316.0,631201.0,-2.9161150206418878,11071488.0,192512.0,98.26119126896042,93901.0,93929.0,-0.029818638779139733
plaintext-cold,1,vhost-user-blk-shared-cache,1,0.827037623,0.619963852,25.038010997475507,0.003012511,0.002781275,7.675855789406236,130859008.0,134041600.0,-2.432077125328659,56233984.0,60723200.0,-7.983101464054192,66244608.0,66121728.0,0.1854943424225561,54276096.0,65859584.0,-21.341785525620708,121221120.0,124592128.0,-2.780875147829025,762515.0,682024.0,10.555989062510246,11890688.0,192512.0,98.38098518773683,92195.0,98053.0,-6.3539237485763875
plaintext-cold,1,vhost-user-blk-shared-cache,2,1.081004194,0.619029334,42.73571393747987,0.002775863,0.003362023,-21.116315898875413,131575808.0,131534848.0,0.031130342745073623,57786368.0,57856000.0,-0.12049900765523107,66093056.0,66084864.0,0.012394645513138323,54276096.0,65859584.0,-21.341785525620708,122294272.0,121774080.0,0.42536088689419566,734820.0,710619.0,3.2934596227647583,11890688.0,192512.0,98.38098518773683,94523.0,97216.0,-2.8490420320980077
plaintext-cold,1,vhost-user-blk-shared-cache,3,0.798951036,0.611285521,23.488988253843377,0.003368827,0.002810582,16.570901384962784,133398528.0,130506752.0,2.1677720461803,59428864.0,57270272.0,3.632228272106968,66093056.0,66084864.0,0.012394645513138323,54276096.0,65859584.0,-21.341785525620708,124612608.0,121036800.0,2.8695394931466325,715118.0,704557.0,1.4768192102562094,11890688.0,192512.0,98.38098518773683,96741.0,95300.0,1.4895442470100577
plaintext-cold,1,vhost-user-blk-shared-cache,4,0.763867384,0.624508626,18.24384191798402,0.003049463,0.00301196,1.2298230868844753,133156864.0,129253376.0,2.9314958934448923,58736640.0,55570432.0,5.390516039051604,66093056.0,66084864.0,0.012394645513138323,54276096.0,65859584.0,-21.341785525620708,123568128.0,119275520.0,3.4738796075311584,740154.0,698763.0,5.592214593179257,11890688.0,192512.0,98.38098518773683,94929.0,92200.0,2.87478009881069
plaintext-cold,1,vhost-user-blk-shared-cache,5,0.78263443,0.611396179,21.879723717240502,0.003271713,0.002700405,17.462045112147674,130256896.0,128745472.0,1.1603408697839692,56520704.0,54738944.0,3.1524023479962318,66093056.0,66084864.0,0.012394645513138323,54276096.0,65859584.0,-21.341785525620708,120918016.0,119566336.0,1.117848311371566,745965.0,686605.0,7.957477897756597,11890688.0,192512.0,98.38098518773683,94449.0,91584.0,3.033383095638916
plaintext-cold,1,vhost-user-blk-shared-cache,6,0.765363295,0.602933534,21.22256999533796,0.004011288,0.003084764,23.097917676317437,127025152.0,135200768.0,-6.436218238101381,54013952.0,61353984.0,-13.589140820505044,66093056.0,66084864.0,0.012394645513138323,54276096.0,65859584.0,-21.341785525620708,117538816.0,125476864.0,-6.753554502369669,712728.0,660319.0,7.353296068065236,11890688.0,192512.0,98.38098518773683,92890.0,96331.0,-3.7043815265367637
plaintext-cold,1,vhost-user-blk-shared-cache,7,0.767962218,0.614482036,19.985381885023937,0.003087359,0.003131797,-1.4393531817971263,130080768.0,125853696.0,3.2495749102588323,56471552.0,52006912.0,7.9059984042939,66093056.0,66084864.0,0.012394645513138323,54276096.0,65859584.0,-21.341785525620708,120369152.0,116305920.0,3.3756422908088615,726032.0,694120.0,4.395398549926174,11890688.0,192512.0,98.38098518773683,96138.0,94433.0,1.7734922715263477
plaintext-cold,1,vhost-user-blk-shared-cache,8,0.770592171,0.699441611,9.23323162077648,0.003141997,0.003108991,1.0504784059310026,131911680.0,137342976.0,-4.117373078714485,58736640.0,63774720.0,-8.577405857740587,66093056.0,66084864.0,0.012394645513138323,54276096.0,65859584.0,-21.341785525620708,122306560.0,127860736.0,-4.541192230408574,726135.0,782675.0,-7.7864308978358014,11890688.0,192512.0,98.38098518773683,94738.0,94840.0,-0.10766535075682408
plaintext-cold,1,vhost-user-blk-shared-cache,9,0.819993995,0.615738042,24.909444977094005,0.002365542,0.003143521,-32.887980851745596,128499712.0,122978304.0,4.296825194440903,54419456.0,49876992.0,8.34713231973506,66125824.0,66084864.0,0.06194251734390485,54276096.0,65859584.0,-21.341785525620708,118259712.0,113131520.0,4.336381269049598,739095.0,685884.0,7.19948044568019,11890688.0,192512.0,98.38098518773683,91299.0,91492.0,-0.21139333399051466
plaintext-cold,1,vhost-user-blk-shared-cache,10,0.781338757,0.60787047,22.20141845593869,0.003397863,0.002772065,18.417399406627045,127356928.0,128684032.0,-1.0420351847682758,53415936.0,55320576.0,-3.565677478720957,66093056.0,66084864.0,0.012394645513138323,54276096.0,65859584.0,-21.341785525620708,117923840.0,119656448.0,-1.4692601597777006,715917.0,669995.0,6.414430723114551,11890688.0,192512.0,98.38098518773683,93846.0,92252.0,1.6985273746350404
plaintext-cold,4,lazy-pmem,1,0.975695101,1.334337672,-36.757648022668505,0.003582308,0.00341156,4.766424327556427,326897664.0,323022848.0,1.185329975316067,100421632.0,96309248.0,4.095117673451075,209260544.0,209895424.0,-0.3033921196343636,197599232.0,209018880.0,-5.7791965507234355,317251584.0,313774080.0,1.0961344798202803,1826663.0,4051515.0,-121.79871163974964,11649024.0,770048.0,93.38959212376933,281566.0,281032.0,0.1896535803328527
plaintext-cold,4,lazy-pmem,2,1.361218623,0.793719364,41.690530045003655,0.003876802,0.003259099,15.933313076086936,322576384.0,319938560.0,0.8177362419686619,95174656.0,93241344.0,2.0313306937510758,209760256.0,209866752.0,-0.050770342309269495,198115328.0,208998400.0,-5.493301356268607,312946688.0,310009856.0,0.9384448254649687,1875372.0,1815116.0,3.21301587098453,11649024.0,770048.0,93.38959212376933,281460.0,278382.0,1.0935834576849286
plaintext-cold,4,lazy-pmem,3,0.913910825,0.711016194,22.20070333448561,0.004932671,0.003212788,34.867174396995054,320565248.0,325521408.0,-1.5460690236765777,93581312.0,98299904.0,-5.04223749288747,210006016.0,209784832.0,0.10532269704121239,198225920.0,208887808.0,-5.37865481971278,310857728.0,316141568.0,-1.699761506331282,1857457.0,1789900.0,3.6370693911083807,11649024.0,770048.0,93.38959212376933,279497.0,279804.0,-0.10984017717542585
plaintext-cold,4,lazy-pmem,4,0.862860739,0.702390747,18.597438120312944,0.002614894,0.002783909,-6.463550721367682,321036288.0,324210688.0,-0.9887978769552681,93818880.0,97009664.0,-3.4010041475660335,210042880.0,209887232.0,0.07410296411856475,198356992.0,208998400.0,-5.364775848183864,311468032.0,313618432.0,-0.6904079324583783,1774497.0,1808113.0,-1.894395989398686,11649024.0,770048.0,93.38959212376933,279121.0,281158.0,-0.729791022531447
plaintext-cold,4,lazy-pmem,5,1.157626933,0.724106738,37.44904188403156,0.003517651,0.003285391,6.602701632424597,329547776.0,324984832.0,1.3846077359053397,102338560.0,98643968.0,3.610166099659796,210333696.0,209793024.0,0.2570543903721446,198639616.0,208887808.0,-5.159188386671066,320126976.0,315543552.0,1.431751880853677,3049159.0,1755876.0,42.41441656535458,11649024.0,770048.0,93.38959212376933,283656.0,279230.0,1.5603406943621851
plaintext-cold,4,lazy-pmem,6,1.014454889,0.640763801,36.83663926824449,0.004816741,0.003435638,28.672976188671974,322576384.0,323764224.0,-0.3682352642405465,95641600.0,96931840.0,-1.3490364025695931,210034688.0,209776640.0,0.12285970591676744,198377472.0,208887808.0,-5.298149983481995,313315328.0,313749504.0,-0.13857477154772332,1824153.0,1770286.0,2.952986947915005,11649024.0,770048.0,93.38959212376933,281263.0,278998.0,0.8052961107575471
plaintext-cold,4,lazy-pmem,7,0.941193812,0.671776748,28.625035626562322,0.002820261,0.003725963,-32.11411993428977,329588736.0,330997760.0,-0.4275097556732036,103526400.0,105365504.0,-1.7764589515331355,209141760.0,209141760.0,0.0,197468160.0,208240640.0,-5.455299730346401,319262720.0,321355776.0,-0.655590480466996,1893185.0,1800418.0,4.900049387672097,11649024.0,770048.0,93.38959212376933,284460.0,279936.0,1.590381775996625
plaintext-cold,4,lazy-pmem,8,0.852853206,0.736066603,13.693634751957534,0.004913258,0.002876531,41.45369528732259,325300224.0,323190784.0,0.6484594366587341,98394112.0,96776192.0,1.6443260344684039,209874944.0,209911808.0,-0.017564745603934503,198225920.0,209018880.0,-5.444777353032338,315838464.0,313794560.0,0.6471358725959356,1925787.0,1822222.0,5.3778013871731405,11649024.0,770048.0,93.38959212376933,280112.0,279596.0,0.1842120294739247
plaintext-cold,4,lazy-pmem,9,0.99977048,0.669028039,33.081837043238174,0.005172826,0.003584193,30.711123861502404,334389248.0,323850240.0,3.1517185624341604,107245568.0,98455552.0,8.19615781232097,210010112.0,208977920.0,0.49149633328132314,198356992.0,208109568.0,-4.9166787122886,324382720.0,313720832.0,3.2868236631100443,1778256.0,1824380.0,-2.593777273913317,11649024.0,770048.0,93.38959212376933,278935.0,280788.0,-0.6643124742323481
plaintext-cold,4,lazy-pmem,10,0.961753304,0.673571068,29.964257445379154,0.002974936,0.003405469,-14.472008809601277,326766592.0,324169728.0,0.7947152688118129,99299328.0,97742848.0,1.567462772759147,209891328.0,209018880.0,0.4156665300626427,198225920.0,208109568.0,-4.9860522781279055,316837888.0,313937920.0,0.9152844750688403,1924577.0,1890376.0,1.7770658175796552,11649024.0,770048.0,93.38959212376933,280240.0,278601.0,0.5848558378532687
plaintext-cold,4,vhost-user-blk-shared-cache,1,0.966626306,0.808497748,16.35880970944733,0.004125342,0.002968934,28.03180924151258,356728832.0,355663872.0,0.2985348826528269,111927296.0,111276032.0,0.5818634267730367,227491840.0,227524608.0,-0.014404033129276198,215007232.0,226590720.0,-5.38748761716071,347000832.0,345415680.0,0.4568150430256029,2135960.0,2035791.0,4.689647746212476,12468224.0,770048.0,93.82391590013141,305929.0,301520.0,1.4411840655838446
plaintext-cold,4,vhost-user-blk-shared-cache,2,1.106140191,0.71851907,35.042675797682854,0.003438385,0.002856281,16.92957594917381,358146048.0,347664384.0,2.9266451657174226,113848320.0,103723008.0,8.893685914732865,227450880.0,227442688.0,0.003601656762110571,215007232.0,226590720.0,-5.38748761716071,349503488.0,338509824.0,3.1455090943183945,2094205.0,2033894.0,2.879899532280746,12468224.0,770048.0,93.82391590013141,305415.0,294468.0,3.584303324984038
plaintext-cold,4,vhost-user-blk-shared-cache,3,1.103006741,0.812441291,26.343034833728186,0.002865801,0.003119653,-8.857977228705,357257216.0,347512832.0,2.7275541440708087,112672768.0,102895616.0,8.677475643449178,227479552.0,227753984.0,-0.12064029385814863,215007232.0,226590720.0,-5.38748761716071,347734016.0,338075648.0,2.7775160196004522,2193791.0,2096594.0,4.4305496740573735,12468224.0,770048.0,93.82391590013141,304247.0,296846.0,2.432563016233521
plaintext-cold,4,vhost-user-blk-shared-cache,4,0.944680962,0.701050375,25.789721270999845,0.002951851,0.00363884,-23.273159790246858,358252544.0,347594752.0,2.9749382603128143,113868800.0,103579648.0,9.035971223021583,227487744.0,227487744.0,0.0,215007232.0,226590720.0,-5.38748761716071,348557312.0,337780736.0,3.091765867186857,2043935.0,1986886.0,2.791135725940404,12468224.0,770048.0,93.82391590013141,305140.0,293260.0,3.8932948810382118
plaintext-cold,4,vhost-user-blk-shared-cache,5,1.199099577,0.812949316,32.20335228256027,0.003191195,0.003159692,0.9871850513679046,358043648.0,358486016.0,-0.12355141683731252,113291264.0,113610752.0,-0.28200585704472325,227483648.0,227495936.0,-0.005401706939392848,215007232.0,226590720.0,-5.38748761716071,347942912.0,348626944.0,-0.1965931698588532,2131623.0,2165960.0,-1.6108383142797764,12468224.0,770048.0,93.82391590013141,304549.0,304403.0,0.04793974040302217
plaintext-cold,4,vhost-user-blk-shared-cache,6,0.949281375,0.841187973,11.38686640723357,0.003772355,0.003387373,10.205349178430977,355196928.0,357642240.0,-0.6884383864941535,110256128.0,110776320.0,-0.471803254327959,228007936.0,229580800.0,-0.6898286207020443,215531520.0,228687872.0,-6.104142911440516,345690112.0,347934720.0,-0.6493121793428677,2195246.0,2421830.0,-10.321576716231347,12468224.0,770048.0,93.82391590013141,300995.0,307044.0,-2.0096679346833004
plaintext-cold,4,vhost-user-blk-shared-cache,7,0.94641852,0.792638135,16.248666076399267,0.003465006,0.005067839,-46.25772653784727,353550336.0,352149504.0,0.39621854580842486,108183552.0,107057152.0,1.0411933969407845,227487744.0,227491840.0,-0.0018005365598948485,215007232.0,226590720.0,-5.38748761716071,343830528.0,342335488.0,0.43481886518232615,2062001.0,2045095.0,0.8198832105319057,12468224.0,770048.0,93.82391590013141,301910.0,302692.0,-0.25901758802292074
plaintext-cold,4,vhost-user-blk-shared-cache,8,1.045221869,0.778069707,25.55937355727102,0.003677075,0.002925689,20.43433979453778,347983872.0,351199232.0,-0.923996845462999,103002112.0,106938368.0,-3.8215294070863326,227487744.0,227491840.0,-0.0018005365598948485,215007232.0,226590720.0,-5.38748761716071,338288640.0,341544960.0,-0.9625862695241554,2068179.0,1985165.0,4.0138692057118845,12468224.0,770048.0,93.82391590013141,300318.0,299081.0,0.4118967228071578
plaintext-cold,4,vhost-user-blk-shared-cache,9,0.969011326,0.817786247,15.606120892750013,0.003485518,0.004210141,-20.789535443512264,358133760.0,354820096.0,0.9252587636529993,113360896.0,110424064.0,2.5906922965746495,227475456.0,227495936.0,-0.009003169115528665,215007232.0,226590720.0,-5.38748761716071,348303360.0,344834048.0,0.9960604456988299,2174140.0,2047865.0,5.808043640243959,12468224.0,770048.0,93.82391590013141,306112.0,304936.0,0.38417311310892743
plaintext-cold,4,vhost-user-blk-shared-cache,10,0.964026051,0.83998803,12.866666919564402,0.003482881,0.003082448,11.497177193248932,354623488.0,344358912.0,2.894499757444154,109199360.0,100753408.0,7.734433608402101,227487744.0,227491840.0,-0.0018005365598948485,215007232.0,226590720.0,-5.38748761716071,344707072.0,335196160.0,2.75912877122521,2090346.0,2311336.0,-10.571934024319418,12468224.0,770048.0,93.82391590013141,304046.0,295763.0,2.7242588292560996
plaintext-cold,8,lazy-pmem,1,2.089332099,0.95498958,54.292111797015,0.00344221,0.003147784,8.553400286443884,593174528.0,595111936.0,-0.3266168570205361,156729344.0,157638656.0,-0.5801798034706251,406593536.0,407949312.0,-0.3334475046843834,393994240.0,406224896.0,-3.1042727934296703,583135232.0,585355264.0,-0.38070620298243274,10744376.0,3903230.0,63.6718781993482,12419072.0,1540096.0,87.59894459102902,528237.0,528496.0,-0.04903102206017375
plaintext-cold,8,lazy-pmem,2,1.19463804,1.00035587,16.262848117577114,0.003294679,0.00322405,2.1437293284110535,591577088.0,590893056.0,0.11562854848090398,152965120.0,152965120.0,0.0,408092672.0,408899584.0,-0.19772763770676088,395563008.0,407003136.0,-2.892112702308099,582066176.0,580792320.0,0.21885071707035594,4048043.0,3721442.0,8.06812081788657,12419072.0,1540096.0,87.59894459102902,530084.0,526407.0,0.6936636457618037
plaintext-cold,8,lazy-pmem,3,1.118370613,0.952375578,14.842578396683964,0.002851673,0.003247917,-13.895141553747573,592596992.0,595066880.0,-0.4167905057472853,154402816.0,157372416.0,-1.9232809847198642,408866816.0,408813568.0,0.013023311727993108,396341248.0,407003136.0,-2.690077819001065,581558272.0,585285632.0,-0.6409263146032596,3754741.0,3714133.0,1.0815126795696426,12419072.0,1540096.0,87.59894459102902,527752.0,530365.0,-0.4951189194924889
plaintext-cold,8,lazy-pmem,4,1.127903387,0.969268366,14.064593016422952,0.003214742,0.003366812,-4.730395160793613,592797696.0,584073216.0,1.4717466108370298,153841664.0,146362368.0,4.861684283394126,409006080.0,408739840.0,0.06509438686094837,396341248.0,407003136.0,-2.690077819001065,583098368.0,573964288.0,1.5664732575619214,3633531.0,3702500.0,-1.898126092773118,12419072.0,1540096.0,87.59894459102902,526501.0,525980.0,0.09895517767297687
plaintext-cold,8,lazy-pmem,5,1.068916374,2.733737806,-155.74851994923225,0.003312584,0.0034261,-3.426811214447698,597585920.0,591069184.0,1.0905102985023476,160010240.0,156467200.0,2.214258287469602,408100864.0,405622784.0,0.6072224341088384,395563008.0,403877888.0,-2.1020368011763124,586973184.0,581038080.0,1.0111371629542791,3851349.0,18824696.0,-388.78187876507684,12419072.0,1540096.0,87.59894459102902,528163.0,525691.0,0.4680373293850573
plaintext-cold,8,lazy-pmem,6,1.030674954,0.960281312,6.829858601570324,0.002921822,0.003269819,-11.910273794912902,596897792.0,601591808.0,-0.7864019708084294,158027776.0,163057664.0,-3.182913869521267,408752128.0,408748032.0,0.0010020742937881413,396230656.0,407003136.0,-2.718739662586834,586686464.0,591384576.0,-0.8007875225156039,3672952.0,3657147.0,0.43030782868929407,12419072.0,1540096.0,87.59894459102902,527958.0,532807.0,-0.9184442701881589
plaintext-cold,8,lazy-pmem,7,2.430285064,0.969262913,60.11731597425477,0.003336742,0.003154472,5.4625140331497,589185024.0,586289152.0,0.49150468563165656,152092672.0,148779008.0,2.1787137778735324,407662592.0,407990272.0,-0.0803801983381394,395038720.0,406224896.0,-2.831665716211312,579461120.0,576774144.0,0.46370255177776204,15553846.0,3780420.0,75.6946288397095,12419072.0,1540096.0,87.59894459102902,526831.0,523897.0,0.556914836066974
plaintext-cold,8,lazy-pmem,8,1.117598715,1.744719792,-56.11326038434108,0.003158851,0.0063529,-101.11426591504315,595587072.0,585256960.0,1.7344419457110045,157868032.0,147513344.0,6.559078407970525,408084480.0,407900160.0,0.045167118337850046,395563008.0,406069248.0,-2.656021869466621,585302016.0,575090688.0,1.7446254618743704,3700282.0,9824250.0,-165.5000348622078,12419072.0,1540096.0,87.59894459102902,532848.0,524280.0,1.6079632465543645
plaintext-cold,8,lazy-pmem,9,1.780629599,0.943727505,47.00034720696564,0.003511569,0.003020387,13.987536625366046,593760256.0,592715776.0,0.1759093825235753,159031296.0,154660864.0,2.748158450522846,404877312.0,408854528.0,-0.9823262213319575,392327168.0,407003136.0,-3.740747314241567,584314880.0,582660096.0,0.28320072903157967,8987749.0,3814954.0,57.553843570842936,12419072.0,1540096.0,87.59894459102902,526805.0,528677.0,-0.35534970245157127
plaintext-cold,8,lazy-pmem,10,1.787072979,0.964170537,46.0475006712079,0.003701674,0.003150955,14.87756620383102,588480512.0,591032320.0,-0.4336265939083468,152190976.0,154820608.0,-1.7278501453331898,406491136.0,407175168.0,-0.16827722413115545,393863168.0,405446656.0,-2.9409929491045985,578519040.0,580907008.0,-0.4127725856697819,9820969.0,3825727.0,61.04532047703236,12419072.0,1540096.0,87.59894459102902,525083.0,526951.0,-0.3557532809098752
plaintext-cold,8,vhost-user-blk-shared-cache,1,1.341886789,1.07719193,19.725573063973282,0.003676806,0.00342135,6.947769341107469,647794688.0,659091456.0,-1.7438809254329668,174112768.0,185851904.0,-6.7422602804178045,443490304.0,443285504.0,0.04617913811256627,430014464.0,441597952.0,-2.693743808580355,637435904.0,648982528.0,-1.8114172621189535,4350032.0,4302147.0,1.100796499887817,13238272.0,1540096.0,88.36633663366337,579141.0,583214.0,-0.7032829656335849
plaintext-cold,8,vhost-user-blk-shared-cache,2,1.338988545,1.971115005,-47.209250770700194,0.003919816,0.005196683,-32.57466677007289,657321984.0,654475264.0,0.43307847132646643,183619584.0,181960704.0,0.903433045573178,443351040.0,442580992.0,0.1736881005173688,430014464.0,440852480.0,-2.5203840585232036,647094272.0,644460544.0,0.40700839336126904,4535664.0,12068234.0,-166.07425064995996,13238272.0,1540096.0,88.36633663366337,583630.0,581151.0,0.4247554101057176
plaintext-cold,8,vhost-user-blk-shared-cache,3,1.311627794,1.08960403,16.927345167252533,0.003261634,0.003375079,-3.478164625460742,654618624.0,650620928.0,0.6106908440172946,181841920.0,177119232.0,2.5971393174907083,443351040.0,443326464.0,0.005543237250554323,430014464.0,441597952.0,-2.693743808580355,644579328.0,641187840.0,0.5261552539271008,4382233.0,4359917.0,0.5092380984762791,13238272.0,1540096.0,88.36633663366337,581326.0,576729.0,0.7907783240384914
plaintext-cold,8,vhost-user-blk-shared-cache,4,1.218718067,1.084200579,11.037621550251457,0.003962621,0.003252833,17.912083946458672,647946240.0,650706944.0,-0.426069915923889,175239168.0,177111040.0,-1.0681812869597738,443346944.0,443334656.0,0.002771644231746413,430014464.0,441597952.0,-2.693743808580355,638128128.0,640811008.0,-0.4204296727067326,4393036.0,4113599.0,6.360908492441218,13238272.0,1540096.0,88.36633663366337,574338.0,575970.0,-0.2841532338100561
plaintext-cold,8,vhost-user-blk-shared-cache,5,1.327175719,1.047447263,21.07697209912563,0.003458093,0.003090776,10.621952619550724,644218880.0,656924672.0,-1.9722787385554423,171212800.0,183353344.0,-7.090909090909091,443445248.0,443342848.0,0.02309191505869965,430014464.0,441597952.0,-2.693743808580355,634187776.0,646721536.0,-1.9763484056810328,4261870.0,4241148.0,0.48621849094411607,13238272.0,1540096.0,88.36633663366337,576108.0,582623.0,-1.130864351822922
plaintext-cold,8,vhost-user-blk-shared-cache,6,1.530823859,1.065170583,30.41847520616675,0.00503341,0.003353906,33.36712089815851,666660864.0,663937024.0,0.40857955627645787,192847872.0,190865408.0,1.0279937130963,443363328.0,443400192.0,-0.008314625426124553,430014464.0,441597952.0,-2.693743808580355,656646144.0,654065664.0,0.39297877914592616,7337057.0,4117258.0,43.88406686768278,13238272.0,1540096.0,88.36633663366337,590886.0,589357.0,0.2587639578531223
plaintext-cold,8,vhost-user-blk-shared-cache,7,1.447833623,1.102546781,23.848516605419373,0.004179269,0.003924415,6.098052075614193,670932992.0,655847424.0,2.248446294917034,197488640.0,182312960.0,7.6843306025095925,443351040.0,443359232.0,-0.0018477457501847746,430014464.0,441597952.0,-2.693743808580355,661192704.0,645898240.0,2.313162850629398,4624874.0,4499642.0,2.70779268797377,13238272.0,1540096.0,88.36633663366337,595756.0,579861.0,2.668038592981019
plaintext-cold,8,vhost-user-blk-shared-cache,8,1.356014074,1.051127143,22.48405358365034,0.003327465,0.003289068,1.1539415140354568,660611072.0,653008896.0,1.150779380216019,187068416.0,179777536.0,3.8974403888682096,443465728.0,443326464.0,0.03140355414342188,430014464.0,441597952.0,-2.693743808580355,649953280.0,642887680.0,1.0870935215528108,4662617.0,4133569.0,11.346589265213076,13238272.0,1540096.0,88.36633663366337,585692.0,580578.0,0.8731551737090485
plaintext-cold,8,vhost-user-blk-shared-cache,9,1.294178135,1.026940283,20.64923249533959,0.003553271,0.003749579,-5.524712300300192,659992576.0,654065664.0,0.8980270711408729,186671104.0,180793344.0,3.1487251503049984,443371520.0,443342848.0,0.006466811400064667,430014464.0,441597952.0,-2.693743808580355,649302016.0,644591616.0,0.7254559332832874,4306071.0,4173166.0,3.08645630785001,13238272.0,1540096.0,88.36633663366337,584833.0,582158.0,0.4573955300060017
plaintext-cold,8,vhost-user-blk-shared-cache,10,1.429078602,2.236297989,-56.48530359843708,0.00418453,0.003949264,5.6222801604959125,658657280.0,665935872.0,-1.105065141009297,185790464.0,192540672.0,-3.633237064309178,443420672.0,443195392.0,0.05080502877412084,430014464.0,441450496.0,-2.6594528690086108,648896512.0,655728640.0,-1.0528840691318124,4355196.0,14137183.0,-224.604977594579,13238272.0,1540096.0,88.36633663366337,579950.0,590702.0,-1.8539529269764634
plaintext-warm,1,lazy-pmem,1,0.438152781,0.448504104,-2.362491680727236,0.002533604,0.003483193,-37.47977189805509,115417088.0,119701504.0,-3.71211583504862,46878720.0,51597312.0,-10.065530799475754,61095936.0,61087744.0,0.013408420488066506,50053120.0,60825600.0,-21.522094926350245,67907584.0,66355200.0,2.2860244888111465,350426.0,352316.0,-0.5393435418604784,192512.0,192512.0,0.0,93497.0,93578.0,-0.08663379573676161
plaintext-warm,1,lazy-pmem,2,0.43558956,0.439892625,-0.9878714724016789,0.003048963,0.002692458,11.692664030360488,118452224.0,117293056.0,0.978595387115737,50286592.0,48394240.0,3.7631343162010262,61095936.0,61132800.0,-0.06033789219629927,50053120.0,60825600.0,-21.522094926350245,66412544.0,68075520.0,-2.5040088812137657,363396.0,353961.0,2.596341181520985,192512.0,192512.0,0.0,93007.0,92254.0,0.8096164804799639
plaintext-warm,1,lazy-pmem,3,0.450639139,0.439705394,2.4262750510891586,0.005013742,0.002824378,43.66726488917859,124919808.0,119517184.0,4.324873762213915,55566336.0,50987008.0,8.241191213327436,61140992.0,61112320.0,0.04689488845715817,50053120.0,60825600.0,-21.522094926350245,68820992.0,66240512.0,3.7495536245685037,354120.0,347046.0,1.997627922738055,192512.0,192512.0,0.0,94209.0,92455.0,1.861817873026993
plaintext-warm,1,lazy-pmem,4,0.424600153,0.456059524,-7.409175615629139,0.002824118,0.003011268,-6.626847745030487,122941440.0,120705024.0,1.8190904547726137,53878784.0,52715520.0,2.1590390755663673,61100032.0,61091840.0,0.013407521619628613,50053120.0,60825600.0,-21.522094926350245,65142784.0,68481024.0,-5.124496981891348,346604.0,357900.0,-3.259050674545014,192512.0,192512.0,0.0,93242.0,94239.0,-1.0692606336200425
plaintext-warm,1,lazy-pmem,5,0.436430603,0.442646204,-1.4241899988851183,0.001628643,0.002842654,-74.54125919553887,120250368.0,122912768.0,-2.2140472784249607,51568640.0,54804480.0,-6.274821286735505,61095936.0,61091840.0,0.006704210244033253,50053120.0,60825600.0,-21.522094926350245,66658304.0,67301376.0,-0.9647290156077178,363271.0,350635.0,3.4783949172931505,192512.0,192512.0,0.0,92126.0,93835.0,-1.855068058962725
plaintext-warm,1,lazy-pmem,6,0.477716619,0.438965259,8.111788131030043,0.002923275,0.003068091,-4.953895887318158,119959552.0,124891136.0,-4.111039027554888,52228096.0,56082432.0,-7.379813347972708,60317696.0,61087744.0,-1.2766535379600705,49274880.0,60825600.0,-23.44139650872818,65871872.0,68288512.0,-3.6686979231438874,369086.0,364652.0,1.201346027755049,192512.0,192512.0,0.0,92237.0,95259.0,-3.276342465604909
plaintext-warm,1,lazy-pmem,7,0.443403101,0.444845015,-0.325192583621554,0.003761413,0.003395108,9.738494549787537,121495552.0,121155584.0,0.2798192974175713,52834304.0,53108736.0,-0.5194201100860532,61100032.0,61087744.0,0.020111282429442916,50053120.0,60825600.0,-21.522094926350245,66514944.0,67002368.0,-0.7328037440729108,349333.0,356780.0,-2.1317768432985145,192512.0,192512.0,0.0,92816.0,93176.0,-0.3878641613514911
plaintext-warm,1,lazy-pmem,8,0.449267966,0.452916787,-0.8121703028343598,0.002928666,0.002943284,-0.4991351011006409,125231104.0,121458688.0,3.0123634460652844,56451072.0,52645888.0,6.740676244376723,61095936.0,61087744.0,0.013408420488066506,50053120.0,60825600.0,-21.522094926350245,68628480.0,67698688.0,1.3548194568785437,366090.0,356229.0,2.69359993444235,192512.0,192512.0,0.0,94363.0,93434.0,0.9844960418808218
plaintext-warm,1,lazy-pmem,9,0.459490193,0.445552264,3.0333463504410454,0.005608438,0.001995669,64.41667002470207,120713216.0,119959552.0,0.6243425740558515,51912704.0,52252672.0,-0.6548840145179107,61095936.0,61108224.0,-0.02011263073209976,50053120.0,60825600.0,-21.522094926350245,68251648.0,67784704.0,0.6841505131128849,362293.0,346139.0,4.458822003185267,192512.0,192512.0,0.0,93293.0,94260.0,-1.0365193530061205
plaintext-warm,1,lazy-pmem,10,0.446452224,0.454347687,-1.7684900142864988,0.004149671,0.003170534,23.595533236249327,123146240.0,118071296.0,4.121071012805587,54263808.0,50364416.0,7.185990338164252,61095936.0,61087744.0,0.013408420488066506,50053120.0,60825600.0,-21.522094926350245,64606208.0,65998848.0,-2.1555823242249414,346302.0,360290.0,-4.039248979214674,192512.0,192512.0,0.0,90664.0,91859.0,-1.3180534721609458
plaintext-warm,1,vhost-user-blk-shared-cache,1,0.462891893,0.465583891,-0.5815608440565255,0.002691266,0.003235181,-20.210376826370947,125849600.0,124411904.0,1.1423921887713588,52060160.0,50946048.0,2.140047206923682,66129920.0,66121728.0,0.012387736141220192,54276096.0,65859584.0,-21.341785525620708,72470528.0,72642560.0,-0.23738201548635052,398221.0,395105.0,0.782480080156496,192512.0,192512.0,0.0,91498.0,91930.0,-0.47214146757306175
plaintext-warm,1,vhost-user-blk-shared-cache,2,0.459075953,0.464872383,-1.2626298463513768,0.003374608,0.003938413,-16.70727385225188,131559424.0,131481600.0,0.05915501727949189,57733120.0,58318848.0,-1.014544164597375,66129920.0,66121728.0,0.012387736141220192,54276096.0,65859584.0,-21.341785525620708,76775424.0,77193216.0,-0.5441741357234315,392305.0,402381.0,-2.5684097832043946,192512.0,192512.0,0.0,93779.0,95040.0,-1.3446507213768542
plaintext-warm,1,vhost-user-blk-shared-cache,3,0.475078649,0.458440417,3.50220580003376,0.002548061,0.003275081,-28.532283960234867,135544832.0,129212416.0,4.671824005802006,61689856.0,55468032.0,10.08565168315517,66150400.0,66121728.0,0.043343653250773995,54276096.0,65859584.0,-21.341785525620708,76898304.0,73568256.0,4.330457015020774,389865.0,392907.0,-0.7802700934939018,192512.0,192512.0,0.0,95153.0,91053.0,4.30884995743697
plaintext-warm,1,vhost-user-blk-shared-cache,4,0.469121581,0.481661335,-2.673028593839091,0.003311533,0.003043392,8.097186408832416,132083712.0,128786432.0,2.496356250193817,58200064.0,55361536.0,4.877190513055106,66129920.0,66121728.0,0.012387736141220192,54276096.0,65859584.0,-21.341785525620708,76820480.0,76111872.0,0.9224206878165822,401653.0,400728.0,0.23029829230704116,192512.0,192512.0,0.0,95075.0,94244.0,0.8740468051538259
plaintext-warm,1,vhost-user-blk-shared-cache,5,0.456079064,0.497135625,-9.002070965485064,0.003661536,0.002979997,18.613472597292503,131194880.0,126353408.0,3.690290352794255,57163776.0,53485568.0,6.434508455144742,66138112.0,66121728.0,0.024772403542453705,54276096.0,65859584.0,-21.341785525620708,73981952.0,73261056.0,0.9744214372716199,387254.0,396577.0,-2.407463835105641,192512.0,192512.0,0.0,92477.0,92530.0,-0.05731154773619386
plaintext-warm,1,vhost-user-blk-shared-cache,6,0.447730693,0.485790757,-8.500660016176287,0.003112279,0.002857434,8.188372571996279,127590400.0,125915136.0,1.3130016051364366,53719040.0,52129792.0,2.958444529165078,66129920.0,66125824.0,0.006193868070610096,54276096.0,65859584.0,-21.341785525620708,74530816.0,71163904.0,4.5174763684326225,385104.0,431691.0,-12.097251651501931,192512.0,192512.0,0.0,92440.0,89730.0,2.9316313284292512
plaintext-warm,1,vhost-user-blk-shared-cache,7,0.463139975,0.456208861,1.4965484246960026,0.003728257,0.003372724,9.536171996726619,126496768.0,126935040.0,-0.3464689311271573,52899840.0,53301248.0,-0.7588075880758808,66129920.0,66121728.0,0.012387736141220192,54276096.0,65859584.0,-21.341785525620708,75919360.0,73752576.0,2.854059886700836,403468.0,388963.0,3.5950806507579287,192512.0,192512.0,0.0,94608.0,92524.0,2.202773549805513
plaintext-warm,1,vhost-user-blk-shared-cache,8,0.447486782,0.454295684,-1.5215872901470304,0.003002672,0.003454155,-15.03604123260882,129441792.0,130932736.0,-1.1518258338079868,55320576.0,57700352.0,-4.301791796238709,66129920.0,66121728.0,0.012387736141220192,54276096.0,65859584.0,-21.341785525620708,73027584.0,75575296.0,-3.488698188344831,380092.0,389843.0,-2.5654315271039643,192512.0,192512.0,0.0,91262.0,94156.0,-3.171089829282724
plaintext-warm,1,vhost-user-blk-shared-cache,9,0.449655734,0.470853969,-4.714325515528733,0.003272325,0.002408676,26.39251908047031,127799296.0,132091904.0,-3.358866702990289,53624832.0,58441728.0,-8.982584784601283,66129920.0,66121728.0,0.012387736141220192,54276096.0,65859584.0,-21.341785525620708,73920512.0,75956224.0,-2.7539203191666206,391698.0,404624.0,-3.2999913198433486,192512.0,192512.0,0.0,92175.0,93928.0,-1.9018171955519394
plaintext-warm,1,vhost-user-blk-shared-cache,10,0.546778767,0.461620348,15.57456582801066,0.003107659,0.003353486,-7.910359534298974,129626112.0,125014016.0,3.5579991784371345,55361536.0,51531776.0,6.91772713820657,66129920.0,66121728.0,0.012387736141220192,54276096.0,65859584.0,-21.341785525620708,73146368.0,73379840.0,-0.3191846791354015,511002.0,410891.0,19.5911170602072,192512.0,192512.0,0.0,91727.0,91333.0,0.4295354693819704
plaintext-warm,4,lazy-pmem,1,0.637383191,0.72454731,-13.675308704524669,0.003013944,0.00327495,-8.659948559097309,321609728.0,319905792.0,0.5298148195318271,95268864.0,93417472.0,1.9433337632744314,209006592.0,209522688.0,-0.24692809688988182,197337088.0,208633856.0,-5.724604591307235,269381632.0,267874304.0,0.5595511426703362,1460931.0,1498292.0,-2.557341859403353,770048.0,770048.0,0.0,278930.0,278477.0,0.16240633850786937
plaintext-warm,4,lazy-pmem,2,0.638912377,0.636244398,0.417581361082326,0.003078021,0.002888014,6.1730248104220165,322789376.0,322588672.0,0.062178006750755015,94703616.0,95739904.0,-1.0942433285757538,210833408.0,209829888.0,0.47597769704505277,199163904.0,208887808.0,-4.882362619282659,266760192.0,269680640.0,-1.0947840373424234,1476837.0,1465318.0,0.779977749744894,770048.0,770048.0,0.0,282489.0,280096.0,0.8471126309343019
plaintext-warm,4,lazy-pmem,3,0.648988035,0.687380275,-5.91570844599623,0.002810981,0.003400097,-20.95766566903155,322277376.0,322150400.0,0.03939960092017133,95154176.0,96182272.0,-1.080452843183677,209817600.0,209522688.0,0.14055636896046853,198115328.0,208633856.0,-5.309295401918624,268132352.0,267956224.0,0.06568696342916501,1497665.0,1501530.0,-0.25806839313197544,770048.0,770048.0,0.0,284443.0,280728.0,1.3060613198426398
plaintext-warm,4,lazy-pmem,4,0.643747977,0.654139298,-1.6141908590417309,0.003171055,0.002932251,7.530742923096573,323072000.0,322981888.0,0.027892234548335976,95936512.0,96165888.0,-0.23909145248057379,210374656.0,209821696.0,0.26284534958431494,198639616.0,208887808.0,-5.159188386671066,272265216.0,269946880.0,0.8514991500052655,1512934.0,1468400.0,2.9435520650603397,770048.0,770048.0,0.0,280681.0,280555.0,0.04489081911493831
plaintext-warm,4,lazy-pmem,5,1.081997589,0.645810058,40.31317032814571,0.004396393,0.00313317,28.733168304107487,324399104.0,321191936.0,0.9886488465763457,98877440.0,93618176.0,5.31897265948633,208830464.0,210870272.0,-0.976777028087243,197083136.0,209936384.0,-6.521739130434782,267984896.0,268288000.0,-0.1131048818512518,3274748.0,1501088.0,54.16172481058085,770048.0,770048.0,0.0,279409.0,283180.0,-1.3496344069088684
plaintext-warm,4,lazy-pmem,6,0.632899841,0.643981788,-1.7509795835136086,0.002780612,0.003107389,-11.751981218523113,320634880.0,326328320.0,-1.7756770567194686,94171136.0,98967552.0,-5.09329737723457,209829888.0,210182144.0,-0.16787694229718123,198115328.0,209158144.0,-5.573933178961297,267149312.0,274341888.0,-2.6923430744227406,1454421.0,1462072.0,-0.526051260260956,770048.0,770048.0,0.0,281531.0,283268.0,-0.6169835648649704
plaintext-warm,4,lazy-pmem,7,0.620428393,0.983478149,-58.515980263978676,0.00320474,0.003395499,-5.952401754900553,324456448.0,317964288.0,2.00093419009506,97308672.0,91623424.0,5.842488529696511,209842176.0,209854464.0,-0.005855829478245594,198115328.0,208887808.0,-5.437479325173668,270565376.0,265412608.0,1.9044447135763594,1467663.0,2523382.0,-71.93197620979748,770048.0,770048.0,0.0,280857.0,277233.0,1.2903363633450475
plaintext-warm,4,lazy-pmem,8,0.637081094,0.639547093,-0.3870777242057032,0.00289584,0.080335826,-2674.1804105199185,320983040.0,324190208.0,-0.9991705480763096,94724096.0,96911360.0,-2.309089336677333,209600512.0,210329600.0,-0.3478464785429532,197861376.0,209412096.0,-5.837784126195503,265207808.0,268976128.0,-1.4208933094458516,1454304.0,1480086.0,-1.7728067859264638,770048.0,770048.0,0.0,279768.0,280144.0,-0.13439707185954078
plaintext-warm,4,lazy-pmem,9,0.646864542,0.627950336,2.9239824989510605,0.003242082,0.003050287,5.915797317896334,320253952.0,323563520.0,-1.0334198779848311,91770880.0,97280000.0,-6.003124302611025,211423232.0,209551360.0,0.885367223976597,199688192.0,208633856.0,-4.479816212668198,263958528.0,270159872.0,-2.3493630029638597,1496287.0,1473107.0,1.5491680406232227,770048.0,770048.0,0.0,282011.0,280029.0,0.7028094648790295
plaintext-warm,4,lazy-pmem,10,0.65315944,0.64894515,0.6452161205845949,0.0030928,0.003096968,-0.13476461458871272,320856064.0,317825024.0,0.9446728112952231,92672000.0,90275840.0,2.585635359116022,210997248.0,210325504.0,0.3183662376487489,199163904.0,209412096.0,-5.145607107601185,266850304.0,261353472.0,2.0598934749574056,1586338.0,1483741.0,6.467537183122387,770048.0,770048.0,0.0,280269.0,281818.0,-0.5526833149581295
plaintext-warm,4,vhost-user-blk-shared-cache,1,0.78209359,0.682200324,12.772546313798589,0.003605674,0.003571467,0.948699189111386,345993216.0,354226176.0,-2.379514863089107,101081088.0,109801472.0,-8.62711727044331,227500032.0,227479552.0,0.009002196535954774,215007232.0,226590720.0,-5.38748761716071,287993856.0,299278336.0,-3.918305812746228,1710145.0,1622135.0,5.146347239561558,770048.0,770048.0,0.0,298853.0,299338.0,-0.16228714451586565
plaintext-warm,4,vhost-user-blk-shared-cache,2,1.301967798,0.682367444,47.5895298602462,0.003664321,0.003758848,-2.5796593693620204,362741760.0,361910272.0,0.229223125564589,117465088.0,117174272.0,0.24757653950763653,228143104.0,228003840.0,0.06104238855275679,215482368.0,227115008.0,-5.398418491484185,309276672.0,304390144.0,1.5799859615664773,4264296.0,1688676.0,60.39965330736891,770048.0,770048.0,0.0,310932.0,307094.0,1.23435349208187
plaintext-warm,4,vhost-user-blk-shared-cache,3,0.667181916,0.693864726,-3.999330521422595,0.003122157,0.003674622,-17.69497818335208,343334912.0,347492352.0,-1.2108992865834745,98013184.0,102637568.0,-4.718124451502361,228032512.0,228003840.0,0.012573645638741198,215531520.0,227115008.0,-5.374382364120107,293093376.0,292208640.0,0.30186147912124767,1633764.0,1730196.0,-5.902443682196449,770048.0,770048.0,0.0,294216.0,297719.0,-1.1906218560513364
plaintext-warm,4,vhost-user-blk-shared-cache,4,0.692727777,0.660059032,4.715957131310463,0.003267176,0.004408734,-34.94020524146847,345612288.0,353730560.0,-2.348953518689706,100286464.0,109150208.0,-8.8384250939389,227545088.0,227553280.0,-0.0036001656076179505,215007232.0,226590720.0,-5.38748761716071,290492416.0,296898560.0,-2.2052706532620805,1616686.0,1631669.0,-0.9267724221029934,770048.0,770048.0,0.0,300677.0,301712.0,-0.34422320297195996
plaintext-warm,4,vhost-user-blk-shared-cache,5,0.667024846,0.681265475,-2.134947308994245,0.003103742,0.003640674,-17.299504920189886,350748672.0,347377664.0,0.961089312406577,105451520.0,102146048.0,3.1345892406292486,228065280.0,228044800.0,0.008979885057471264,215531520.0,227115008.0,-5.374382364120107,295796736.0,297746432.0,-0.6591337099811676,1650927.0,1640478.0,0.6329171429142536,770048.0,770048.0,0.0,299550.0,300083.0,-0.17793356701719246
plaintext-warm,4,vhost-user-blk-shared-cache,6,0.700439465,0.673163191,3.89416578633244,0.003969905,0.004282523,-7.874697253460719,355504128.0,342679552.0,3.607433779221827,110231552.0,97472512.0,11.574762187871581,228052992.0,228044800.0,0.0035921475654219874,215531520.0,227115008.0,-5.374382364120107,305786880.0,291090432.0,4.806108097247338,1667292.0,1645630.0,1.299232527955511,770048.0,770048.0,0.0,306767.0,294059.0,4.142557706663363
plaintext-warm,4,vhost-user-blk-shared-cache,7,0.720114749,0.683278339,5.11535280330719,0.004327963,0.00311152,28.10659425692872,355086336.0,358645760.0,-1.0024108615657912,109940736.0,113655808.0,-3.3791587496740063,227549184.0,228061184.0,-0.22500630017640494,215007232.0,227115008.0,-5.63133429855978,299708416.0,302460928.0,-0.9183966325456807,1675373.0,1662506.0,0.7680080793948572,770048.0,770048.0,0.0,302028.0,303400.0,-0.45426251870687484
plaintext-warm,4,vhost-user-blk-shared-cache,8,0.669152115,0.677677264,-1.2740225740749394,0.003563712,0.003318968,6.8676705637268185,351944704.0,351215616.0,0.20715981565104044,107044864.0,106639360.0,0.3788168669166603,228057088.0,227495936.0,0.2460576888537663,215531520.0,226590720.0,-5.131128848346636,295874560.0,297500672.0,-0.5495950716411712,1641477.0,1638586.0,0.17612187072983662,770048.0,770048.0,0.0,299200.0,301457.0,-0.7543449197860963
plaintext-warm,4,vhost-user-blk-shared-cache,9,0.665400481,0.682515469,-2.5721333976613097,0.003462251,0.003630634,-4.863396674591191,344436736.0,355721216.0,-3.2762126743646767,98938880.0,111501312.0,-12.697164148209481,228085760.0,227520512.0,0.24782257340396877,215531520.0,226590720.0,-5.131128848346636,291721216.0,301867008.0,-3.4779067971525253,1627866.0,1658127.0,-1.858936792094681,770048.0,770048.0,0.0,294885.0,305876.0,-3.7272156942536925
plaintext-warm,4,vhost-user-blk-shared-cache,10,0.669289307,0.885028234,-32.23403164276162,0.005327071,0.007379252,-38.52362771211422,356016128.0,349835264.0,1.7361191007616374,110215168.0,105222144.0,4.53025122640107,228044800.0,227545088.0,0.2191288729232151,215531520.0,226590720.0,-5.131128848346636,302026752.0,295157760.0,2.2742991985027867,1641297.0,2334186.0,-42.21594263561074,770048.0,770048.0,0.0,304275.0,298135.0,2.017911428806179
plaintext-warm,8,lazy-pmem,1,3.678684073,0.943443043,74.3537899890758,0.102049713,0.002882684,97.17521596557552,587988992.0,591368192.0,-0.5747046366473473,150556672.0,153706496.0,-2.092118508039285,407834624.0,408727552.0,-0.21894364711908323,394940416.0,407003136.0,-3.0543138942761434,536342528.0,538013696.0,-0.3115859572485738,22666047.0,3309908.0,85.39706548742267,2048000.0,1540096.0,24.8,526707.0,528612.0,-0.361681162391994
plaintext-warm,8,lazy-pmem,2,0.945478751,0.927802994,1.8695033580929217,0.003717065,0.003291223,11.456404448133139,594112512.0,587161600.0,1.1699655973580978,155557888.0,148922368.0,4.265627468534414,409202688.0,408276992.0,0.22621943284986434,396500992.0,406495232.0,-2.520609078324828,538165248.0,534945792.0,0.598228148689378,3443545.0,3701221.0,-7.482870123666164,1540096.0,1540096.0,0.0,530068.0,527888.0,0.4112679882581103
plaintext-warm,8,lazy-pmem,3,0.928211524,2.078425317,-123.91720672065264,0.003328383,0.004986568,-49.81953699439038,597340160.0,587448320.0,1.6559810745020058,158728192.0,151580672.0,4.502993393889348,408797184.0,406458368.0,0.5721213578614084,396230656.0,404688896.0,-2.1346758187231227,541224960.0,535539712.0,1.050440837022742,3261315.0,12508154.0,-283.5309989988701,1540096.0,1540096.0,0.0,530428.0,523935.0,1.2241058164350298
plaintext-warm,8,lazy-pmem,4,1.96674624,0.941330208,52.13768869338221,0.003645765,0.003032751,16.81441343586325,579743744.0,591515648.0,-2.0305357533965904,144961536.0,153321472.0,-5.767002910344438,405000192.0,408809472.0,-0.9405625170666586,392335360.0,407003136.0,-3.738581197473508,524029952.0,541929472.0,-3.415743686345623,10615452.0,3293179.0,68.97749620082122,1540096.0,1540096.0,0.0,524168.0,528589.0,-0.8434318768028571
plaintext-warm,8,lazy-pmem,5,0.950929607,2.061422812,-116.77974866124872,0.003127468,0.003033322,3.0102945897447975,590426112.0,594817024.0,-0.7436852657356726,151842816.0,157396992.0,-3.6578457554422594,408805376.0,408350720.0,0.11121575857162896,396230656.0,406462464.0,-2.582285808799206,534675456.0,538353664.0,-0.6879328307899737,3357427.0,12420045.0,-269.92747720203596,1540096.0,1540096.0,0.0,528702.0,528269.0,0.08189868772957166
plaintext-warm,8,lazy-pmem,6,0.932176799,2.241126845,-140.41864669922987,0.003237507,0.004276221,-32.08376074553661,596557824.0,591835136.0,0.7916563675812255,157577216.0,156700672.0,0.5562631592628213,408817664.0,405721088.0,0.7574467232413911,396230656.0,403881984.0,-1.9310287793582535,539860992.0,535318528.0,0.8414136356049225,3231567.0,13001184.0,-302.31825612775475,1540096.0,1540096.0,0.0,530611.0,526168.0,0.8373365799050527
plaintext-warm,8,lazy-pmem,7,0.937447689,2.666438176,-184.43594317719848,0.003272776,0.003681668,-12.493736204372071,584212480.0,593477632.0,-1.585921615368436,145715200.0,156528640.0,-7.420941672522839,408879104.0,407224320.0,0.4047122936368008,396230656.0,405438464.0,-2.3238504796559707,530939904.0,542486528.0,-2.174751589211874,3199130.0,17664543.0,-452.16708917737014,1540096.0,1540096.0,0.0,526559.0,527068.0,-0.09666533095056774
plaintext-warm,8,lazy-pmem,8,0.94164824,2.125711444,-125.74368577378743,0.003148579,0.003393706,-7.7853215688728135,587345920.0,587272192.0,0.01255273893789881,149909504.0,148897792.0,0.6748818273723325,408035328.0,408952832.0,-0.22485896123190588,395452416.0,407162880.0,-2.961282704617488,534016000.0,532705280.0,0.24544582933844677,3325312.0,12735061.0,-282.9734172312252,1540096.0,1540096.0,0.0,524899.0,528238.0,-0.6361223778288776
plaintext-warm,8,lazy-pmem,9,0.953916987,2.350709303,-146.4270303428405,0.003459425,0.003774478,-9.107091496419203,588816384.0,594087936.0,-0.8952794357026587,151126016.0,158347264.0,-4.7782957502168255,408035328.0,406581248.0,0.3563613001666366,395452416.0,404791296.0,-2.361568578708595,535011328.0,538574848.0,-0.6660644015373073,3434657.0,15132295.0,-340.5765990606922,1540096.0,1540096.0,0.0,531094.0,529149.0,0.3662251880081492
plaintext-warm,8,lazy-pmem,10,0.914100329,0.929843974,-1.7223103964116304,0.003504706,0.003153089,10.0327103043736,596004864.0,596209664.0,-0.034362135675456505,157532160.0,158425088.0,-0.5668226729069162,408879104.0,408772608.0,0.02604584067959609,396230656.0,407003136.0,-2.718739662586834,540614656.0,541876224.0,-0.2333580834330914,3295783.0,3250853.0,1.3632572290105265,1540096.0,1540096.0,0.0,531658.0,530728.0,0.17492448152759857
plaintext-warm,8,vhost-user-blk-shared-cache,1,1.490252651,1.020160729,31.544444607064143,0.004342152,0.003703227,14.714477982346086,648187904.0,639275008.0,1.375048183558822,174841856.0,166383616.0,4.8376516890783865,443330560.0,443322368.0,0.0018478311082367072,430014464.0,441597952.0,-2.693743808580355,593981440.0,589111296.0,0.8199151811881529,4984592.0,3702147.0,25.728183971727276,1540096.0,1540096.0,0.0,573293.0,574394.0,-0.19204839410214325
plaintext-warm,8,vhost-user-blk-shared-cache,2,1.014768969,1.10938345,-9.323745984589724,0.003482522,0.003413725,1.9754936221508497,641253376.0,652697600.0,-1.784664912235877,168505344.0,179568640.0,-6.565546075500134,443461632.0,443363328.0,0.02216741943528499,430014464.0,441597952.0,-2.693743808580355,586997760.0,596668416.0,-1.647477496336613,3731645.0,4145676.0,-11.095133647493263,1540096.0,1540096.0,0.0,571220.0,577393.0,-1.0806694443471867
plaintext-warm,8,vhost-user-blk-shared-cache,3,1.637065659,1.05665426,35.45437507708418,0.004050535,0.003384537,16.442223064360636,655671296.0,657952768.0,-0.3479597191334116,181256192.0,183877632.0,-1.4462623158275334,443404288.0,443469824.0,-0.014780190849214342,430014464.0,441597952.0,-2.693743808580355,598835200.0,602042368.0,-0.5355677154582763,8668683.0,3776949.0,56.429955969090116,1540096.0,1540096.0,0.0,580724.0,582831.0,-0.36282295892713234
plaintext-warm,8,vhost-user-blk-shared-cache,4,2.65097087,1.058269006,60.0799458803559,0.003620354,0.003190213,11.881186204442997,661483520.0,648318976.0,1.990154493947181,188596224.0,175890432.0,6.73703414125619,442707968.0,443379712.0,-0.15173524050960838,429318144.0,441597952.0,-2.8603049210983262,604930048.0,595775488.0,1.5133253886571691,17331056.0,3620339.0,79.11068431144645,1540096.0,1540096.0,0.0,586322.0,574909.0,1.9465413202984025
plaintext-warm,8,vhost-user-blk-shared-cache,5,2.476709728,1.880893127,24.05677961628291,0.00367912,0.004831451,-31.320832155515433,669122560.0,653381632.0,2.3524730656219393,196509696.0,180506624.0,8.14365516091379,443265024.0,443449344.0,-0.04158234690765947,429867008.0,441548800.0,-2.7175363036932576,611364864.0,597217280.0,2.314098312329575,15139266.0,9541444.0,36.97551783554104,1540096.0,1540096.0,0.0,594140.0,580300.0,2.3294173090517387
plaintext-warm,8,vhost-user-blk-shared-cache,6,1.039493534,1.065408212,-2.4930100238603226,0.003531267,0.003212296,9.032763594483225,651599872.0,635056128.0,2.5389421807621226,178556928.0,162070528.0,9.233133760007341,443412480.0,443387904.0,0.005542469170015242,430014464.0,441597952.0,-2.693743808580355,596606976.0,580018176.0,2.7805239742956003,3702067.0,3758223.0,-1.5168823254684478,1540096.0,1540096.0,0.0,578182.0,567781.0,1.79891452864323
plaintext-warm,8,vhost-user-blk-shared-cache,7,1.015038854,1.032293457,-1.6998958150226666,0.003580966,0.003490777,2.518566219282732,638980096.0,646270976.0,-1.1410183268055973,166473728.0,172724224.0,-3.754644096154319,443412480.0,443387904.0,0.005542469170015242,430014464.0,441597952.0,-2.693743808580355,587849728.0,594206720.0,-1.0813974553714518,3713719.0,3751038.0,-1.0048956315757869,1540096.0,1540096.0,0.0,576008.0,575087.0,0.15989361258871404
plaintext-warm,8,vhost-user-blk-shared-cache,8,1.349850958,1.03405864,23.394606354755794,0.004880948,0.003526669,27.746228806371224,640393216.0,642265088.0,-0.29230041062771034,166916096.0,169574400.0,-1.5925989546268802,443457536.0,443383808.0,0.01662571813865849,429965312.0,441597952.0,-2.7054833669931027,583917568.0,585404416.0,-0.2546332019248306,5262790.0,3755898.0,28.632949443166076,1540096.0,1540096.0,0.0,570799.0,566771.0,0.7056774801637704
plaintext-warm,8,vhost-user-blk-shared-cache,9,1.018229809,2.590899232,-154.4513241607524,0.003376983,0.004369767,-29.39854894146639,641630208.0,649826304.0,-1.2773862417649762,168005632.0,177168384.0,-5.453836214252627,443412480.0,442740736.0,0.15149415731374993,430014464.0,440848384.0,-2.5194315324239884,585670656.0,598724608.0,-2.2288895416334467,3739384.0,15374314.0,-311.1456325426862,1540096.0,1540096.0,0.0,572354.0,578203.0,-1.0219200005590945
plaintext-warm,8,vhost-user-blk-shared-cache,10,1.177064685,1.187218658,-0.8626520810111624,0.004080174,0.003674621,9.939600615071805,647548928.0,657690624.0,-1.5661667499509782,174137344.0,184496128.0,-5.948628687020746,443383808.0,443387904.0,-0.0009238045968516738,430014464.0,441597952.0,-2.693743808580355,592347136.0,601935872.0,-1.6187697073629475,4419835.0,3767473.0,14.759872257674777,1540096.0,1540096.0,0.0,574308.0,582964.0,-1.50720519303231
