source_state,vm_count,mode,cache_backing,samples,application_ready_seconds_count,application_ready_seconds_mean,application_ready_seconds_p50,application_ready_seconds_p95,application_ready_seconds_min,application_ready_seconds_max,first_operation_seconds_count,first_operation_seconds_mean,first_operation_seconds_p50,first_operation_seconds_p95,first_operation_seconds_min,first_operation_seconds_max,held_memory_bytes_count,held_memory_bytes_mean,held_memory_bytes_p50,held_memory_bytes_p95,held_memory_bytes_min,held_memory_bytes_max,held_anon_bytes_count,held_anon_bytes_mean,held_anon_bytes_p50,held_anon_bytes_p95,held_anon_bytes_min,held_anon_bytes_max,held_file_bytes_count,held_file_bytes_mean,held_file_bytes_p50,held_file_bytes_p95,held_file_bytes_min,held_file_bytes_max,held_shmem_bytes_count,held_shmem_bytes_mean,held_shmem_bytes_p50,held_shmem_bytes_p95,held_shmem_bytes_min,held_shmem_bytes_max,launch_memory_growth_bytes_count,launch_memory_growth_bytes_mean,launch_memory_growth_bytes_p50,launch_memory_growth_bytes_p95,launch_memory_growth_bytes_min,launch_memory_growth_bytes_max,launch_cpu_usec_count,launch_cpu_usec_mean,launch_cpu_usec_p50,launch_cpu_usec_p95,launch_cpu_usec_min,launch_cpu_usec_max,launch_io_wbytes_count,launch_io_wbytes_mean,launch_io_wbytes_p50,launch_io_wbytes_p95,launch_io_wbytes_min,launch_io_wbytes_max,total_pss_kib_count,total_pss_kib_mean,total_pss_kib_p50,total_pss_kib_p95,total_pss_kib_min,total_pss_kib_max
plaintext-cold,1,lazy-pmem,file,10,10,0.8011222121999999,0.7848617075,1.1276861742499995,0.635124152,1.289399549,10,0.0033356875,0.003089307,0.005175518099999998,0.001709624,0.005592066,10,120966758.4,121409536.0,124054528.0,116264960.0,125022208.0,10,52232601.6,52711424.0,54987571.2,47693824.0,56156160.0,10,61123788.8,61114368.0,61217177.6,61059072.0,61239296.0,10,50112512.0,50108416.0,50184192.0,50053120.0,50184192.0,10,111391539.2,112021504.0,114559385.6,106635264.0,115687424.0,10,651863.6,639560.5,718429.85,613316.0,736577.0,10,11071488.0,11071488.0,11071488.0,11071488.0,11071488.0,10,93258.7,93468.5,94094.2,91997.0,94222.0
plaintext-cold,1,lazy-pmem,memfd,10,10,0.5557185157,0.5088052864999999,0.7162511222,0.478638334,0.731322686,10,0.0026985056,0.002914272,0.0037019129999999994,0.001587861,0.004099992,10,120239718.4,119941120.0,122712883.19999999,117948416.0,122757120.0,10,51698073.6,51333120.0,54503219.2,49324032.0,54648832.0,10,61120512.0,61122560.0,61206732.8,61050880.0,61227008.0,10,60891545.6,60880896.0,60981452.8,60825600.0,61001728.0,10,110586675.2,110827520.0,112653926.4,107778048.0,112963584.0,10,657618.8,632340.5,805950.3499999999,586833.0,831968.0,10,192512.0,192512.0,192512.0,192512.0,192512.0,10,93133.5,92992.0,94134.0,92348.0,94296.0
plaintext-cold,1,vhost-user-blk-shared-cache,file,10,10,0.8158745102999999,0.7819865935,0.9667192370499997,0.763867384,1.081004194,10,0.0031482426,0.003114678,0.0037352467499999994,0.002365542,0.004011288,10,130412134.4,130557952.0,133289779.19999999,127025152.0,133398528.0,10,56576409.6,56496128.0,59117363.2,53415936.0,59428864.0,10,66111488.0,66093056.0,66191155.2,66093056.0,66244608.0,10,54276096.0,54276096.0,54276096.0,54276096.0,54276096.0,10,120901222.4,121069568.0,124142592.0,117538816.0,124612608.0,10,731847.9,730477.5,755067.5,712728.0,762515.0,10,11890688.0,11890688.0,11890688.0,11890688.0,11890688.0,10,94174.8,94486.0,96469.65,91299.0,96741.0
plaintext-cold,1,vhost-user-blk-shared-cache,memfd,10,10,0.6226649205,0.6151100389999999,0.6657217677499999,0.602933534,0.699441611,10,0.0029907383,0.0030483619999999998,0.0032636971,0.002700405,0.003362023,10,130414182.4,129880064.0,136378982.39999998,122978304.0,137342976.0,10,56849203.2,56420352.0,62685388.8,49876992.0,63774720.0,10,66088550.4,66084864.0,66105139.2,66084864.0,66121728.0,10,65859584.0,65859584.0,65859584.0,65859584.0,65859584.0,10,120867635.2,120346624.0,126787993.6,113131520.0,127860736.0,10,697556.1,690362.5,750249.7999999999,660319.0,782675.0,10,192512.0,192512.0,192512.0,192512.0,192512.0,10,94370.1,94636.5,97676.35,91492.0,98053.0
plaintext-cold,4,lazy-pmem,file,10,10,1.0041337912,0.9687242025,1.2696023624999997,0.852853206,1.361218623,10,0.0039222348,0.003729555,0.00506475625,0.002614894,0.005172826,10,325924454.4,326033408.0,332229017.6,320565248.0,334389248.0,10,98944204.8,98846720.0,105571942.4,93581312.0,107245568.0,10,209835622.4,209948672.0,210202828.8,209141760.0,210333696.0,10,198159155.2,198225920.0,198521651.2,197468160.0,198639616.0,10,316228812.8,316338176.0,322467635.2,310857728.0,324382720.0,10,1972910.6,1866414.5,2543641.5999999987,1774497.0,3049159.0,10,11649024.0,11649024.0,11649024.0,11649024.0,11649024.0,10,281031.0,280751.5,284098.2,278935.0,284460.0
plaintext-cold,4,lazy-pmem,memfd,10,10,0.7656776973999999,0.7067034705,1.0910594333999994,0.640763801,1.334337672,10,0.0032980541000000004,0.00334543,0.0036621664999999994,0.002783909,0.003725963,10,324365107.2,324009984.0,328533401.6,319938560.0,330997760.0,10,97877606.4,97376256.0,102340812.8,93241344.0,105365504.0,10,209605427.2,209788928.0,209904435.2,208977920.0,209911808.0,10,208715776.0,208887808.0,209018880.0,208109568.0,209018880.0,10,314564608.0,313784320.0,319009382.4,310009856.0,321355776.0,10,2032820.2,1811614.5,3079002.449999998,1755876.0,4051515.0,10,770048.0,770048.0,770048.0,770048.0,770048.0,10,279752.5,279700.0,281101.3,278382.0,281158.0
plaintext-cold,4,vhost-user-blk-shared-cache,file,10,10,1.0193512918,0.967818816,1.1572678532999998,0.944680962,1.199099577,10,0.0034455409,0.0034739435,0.0039664978499999995,0.002865801,0.004125342,10,355791667.2,356993024.0,358204620.8,347983872.0,358252544.0,10,110961049.6,112300032.0,113859584.0,103002112.0,113868800.0,10,227534028.8,227487744.0,227775692.8,227450880.0,228007936.0,10,215059660.8,215007232.0,215295590.4,215007232.0,215531520.0,10,346155827.2,347367424.0,349077708.79999995,338288640.0,349503488.0,10,2118942.6,2112914.0,2194591.25,2043935.0,2195246.0,10,12468224.0,12468224.0,12468224.0,12468224.0,12468224.0,10,303866.1,304398.0,306029.65,300318.0,306112.0
plaintext-cold,4,vhost-user-blk-shared-cache,memfd,10,10,0.7923127892,0.8104695195,0.84064799865,0.701050375,0.841187973,10,0.003441689,0.0031396725,0.004681874899999999,0.002856281,0.005067839,10,351709184.0,351674368.0,358106316.8,344358912.0,358486016.0,10,107103436.8,106997760.0,112560128.0,100753408.0,113610752.0,10,227725721.6,227493888.0,228758732.8,227442688.0,229580800.0,10,226800435.2,226590720.0,227744153.6,226590720.0,228687872.0,10,342025420.8,341940224.0,348315443.2,335196160.0,348626944.0,10,2113041.6,2046480.0,2372107.7,1985165.0,2421830.0,10,770048.0,770048.0,770048.0,770048.0,770048.0,10,300001.3,300300.5,306095.4,293260.0,307044.0
plaintext-cold,8,lazy-pmem,file,10,10,1.4745421824,1.1612707135,2.2768562297499995,1.030674954,2.430285064,10,0.0032746546000000003,0.0033036315,0.0036161267499999995,0.002851673,0.003701674,10,593164288.0,592986112.0,597276262.4,588480512.0,597585920.0,10,155715993.6,155566080.0,159569715.2,152092672.0,160010240.0,10,407652761.6,408088576.0,408943411.2,404877312.0,409006080.0,10,395082547.2,395563008.0,396341248.0,392327168.0,396341248.0,10,583111475.2,583116800.0,586844160.0,578519040.0,586973184.0,10,6776783.8,3949696.0,13389584.499999996,3633531.0,15553846.0,10,12419072.0,12419072.0,12419072.0,12419072.0,12419072.0,10,528026.2,527855.0,531604.2,525083.0,532848.0
plaintext-cold,8,lazy-pmem,memfd,10,10,1.2192889259,0.9667167249999999,2.288679699699999,0.943727505,2.733737806,10,0.0035361195999999997,0.0032359835,0.005035839999999996,0.003020387,0.0063529,10,591310028.8,591050752.0,598675865.6,584073216.0,601591808.0,10,153963724.8,154740736.0,160619110.39999998,146362368.0,163057664.0,10,408069324.8,408365056.0,408879308.8,405622784.0,408899584.0,10,406285926.4,406614016.0,407003136.0,403877888.0,407003136.0,10,581325209.6,580972544.0,588671385.6,573964288.0,591384576.0,10,5876849.9,3797687.0,14774495.29999999,3657147.0,18824696.0,10,1540096.0,1540096.0,1540096.0,1540096.0,1540096.0,10,527355.1,526679.0,531708.1,523897.0,532807.0
plaintext-cold,8,vhost-user-blk-shared-cache,file,10,10,1.3596325207,1.340437667,1.4934782528,1.218718067,1.530823859,10,0.0038556915,0.0037983109999999995,0.0046514139999999995,0.003261634,0.00503341,10,656875520.0,657989632.0,669010534.4000001,644218880.0,670932992.0,10,183589273.6,184705024.0,195400294.39999998,171212800.0,197488640.0,10,443395686.4,443367424.0,443479244.8,443346944.0,443490304.0,10,430014464.0,430014464.0,430014464.0,430014464.0,430014464.0,10,646741606.4,647995392.0,659146752.0,634187776.0,661192704.0,10,4720865.0,4387634.5,6133558.999999997,4261870.0,7337057.0,10,13238272.0,13238272.0,13238272.0,13238272.0,13238272.0,10,583166.0,582478.0,593564.5,574338.0,595756.0
plaintext-cold,8,vhost-user-blk-shared-cache,memfd,10,10,1.2751641586,1.0806962544999998,2.1169656461999997,1.026940283,2.236297989,10,0.0036602953,0.0033982145,0.004635344449999999,0.003090776,0.005196683,10,656461414.4,655161344.0,665036390.4000001,650620928.0,665935872.0,10,183168614.4,182136832.0,191786803.2,177111040.0,192540672.0,10,443249459.2,443330560.0,443381760.0,442580992.0,443400192.0,10,441508659.2,441597952.0,441597952.0,440852480.0,441597952.0,10,646533529.6,645244928.0,654980300.8,640811008.0,655728640.0,10,6014586.3,4271647.5,13206155.949999997,4113599.0,14137183.0,10,1540096.0,1540096.0,1540096.0,1540096.0,1540096.0,10,582234.3,581654.5,590096.75,575970.0,590702.0
plaintext-warm,1,lazy-pmem,file,10,10,0.4461742339,0.44492766250000004,0.4695147273,0.424600153,0.477716619,10,0.0034420533,0.0029888145,0.0053408247999999995,0.001628643,0.005608438,10,121252659.2,121104384.0,125091020.80000001,115417088.0,125231104.0,10,52586905.6,52531200.0,56052940.8,46878720.0,56451072.0,10,61023436.8,61095936.0,61122560.0,60317696.0,61140992.0,10,49975296.0,50053120.0,50053120.0,49274880.0,50053120.0,10,66881536.0,66586624.0,68734361.6,64606208.0,68820992.0,10,357092.1,358206.5,367737.8,346302.0,369086.0,10,192512.0,192512.0,192512.0,192512.0,192512.0,10,92945.4,93124.5,94293.7,90664.0,94363.0
plaintext-warm,1,lazy-pmem,memfd,10,10,0.4463434863,0.4451986395,0.45528919735,0.438965259,0.456059524,10,0.0029426636999999997,0.002977276,0.0034435547499999998,0.001995669,0.003483193,10,120566579.2,120332288.0,124000870.39999999,117293056.0,124891136.0,10,52295270.4,52449280.0,55507353.6,48394240.0,56082432.0,10,61097574.4,61089792.0,61123584.0,61087744.0,61132800.0,10,60825600.0,60825600.0,60825600.0,60825600.0,60825600.0,10,67322675.2,67500032.0,68394393.6,65998848.0,68481024.0,10,354594.8,355095.0,362689.1,346139.0,364652.0,10,192512.0,192512.0,192512.0,192512.0,192512.0,10,93434.9,93506.0,94809.45,91859.0,95259.0
plaintext-warm,1,vhost-user-blk-shared-cache,file,10,10,0.46770390910000004,0.460983923,0.5145137139,0.447486782,0.546778767,10,0.0031810196,0.003192302,0.0036982325499999996,0.002548061,0.003728257,10,129718681.6,129533952.0,133987328.0,125849600.0,135544832.0,10,55777280.0,55341056.0,60119449.599999994,52060160.0,61689856.0,10,66132787.2,66129920.0,66144870.400000006,66129920.0,66150400.0,10,54276096.0,54276096.0,54276096.0,54276096.0,54276096.0,10,74749132.8,74256384.0,76863283.2,72470528.0,76898304.0,10,404066.2,392001.5,462611.6999999999,380092.0,511002.0,10,192512.0,192512.0,192512.0,192512.0,192512.0,10,93019.4,92458.5,95117.9,91262.0,95153.0
plaintext-warm,1,vhost-user-blk-shared-cache,memfd,10,10,0.469646327,0.465228137,0.49203043440000005,0.454295684,0.497135625,10,0.0031918539000000004,0.003255131,0.0037204968999999992,0.002408676,0.003938413,10,128113459.2,127860736.0,131817267.19999999,124411904.0,132091904.0,10,54668492.8,54423552.0,58386432.0,50946048.0,58441728.0,10,66122137.6,66121728.0,66123980.8,66121728.0,66125824.0,10,65859584.0,65859584.0,65859584.0,65859584.0,65859584.0,10,74260480.0,73660416.0,76706611.19999999,71163904.0,77193216.0,10,401371.0,398652.5,422331.0,388963.0,431691.0,10,192512.0,192512.0,192512.0,192512.0,192512.0,10,92646.8,92527.0,94681.79999999999,89730.0,95040.0
plaintext-warm,4,lazy-pmem,file,10,10,0.6841462479,0.641330177,0.8890204219499995,0.620428393,1.081997589,10,0.0031686468,0.0030854105,0.0038769530499999988,0.002780612,0.004396393,10,322133196.8,321943552.0,324430643.2,320253952.0,324456448.0,10,95058739.2,94939136.0,98171494.4,91770880.0,98877440.0,10,210055577.6,209836032.0,211231539.2,208830464.0,211423232.0,10,198328320.0,198115328.0,199452262.39999998,197083136.0,199688192.0,10,267825561.6,267567104.0,271500288.0,263958528.0,272265216.0,10,1668212.8,1486562.0,2514963.499999998,1454304.0,3274748.0,10,770048.0,770048.0,770048.0,770048.0,770048.0,10,281038.8,280769.0,283563.7,278930.0,284443.0
plaintext-warm,4,lazy-pmem,memfd,10,10,0.6892023855,0.647377604,0.8669592714499997,0.627950336,0.983478149,10,0.0108614451,0.0031202795,0.04571474794999991,0.002888014,0.080335826,10,321869004.8,322369536.0,325366169.6,317825024.0,326328320.0,10,95018188.8,95952896.0,98208153.6,90275840.0,98967552.0,10,209981030.4,209842176.0,210626969.6,209522688.0,210870272.0,10,209048371.2,208887808.0,209700454.4,208633856.0,209936384.0,10,268399001.6,268632064.0,272459980.8,261353472.0,274341888.0,10,1585701.6,1481913.5,2063548.599999999,1462072.0,2523382.0,10,770048.0,770048.0,770048.0,770048.0,770048.0,10,280552.8,280349.5,283228.4,277233.0,283268.0
plaintext-warm,4,vhost-user-blk-shared-cache,file,10,10,0.7535392044,0.681008542,1.0680244043999993,0.665400481,1.301967798,10,0.0037413972000000005,0.003584693,0.004877472399999999,0.003103742,0.005327071,10,351141888.0,351346688.0,359715225.6,343334912.0,362741760.0,10,105866854.4,106248192.0,114209996.79999998,98013184.0,117465088.0,10,227907584.0,228048896.0,228117299.2,227500032.0,228143104.0,10,215369318.4,215531520.0,215531520.0,215007232.0,215531520.0,10,297177088.0,295835648.0,307706265.6,287993856.0,309276672.0,10,1912912.3,1646202.0,3114928.0499999975,1616686.0,4264296.0,10,770048.0,770048.0,770048.0,770048.0,770048.0,10,301138.3,300113.5,309057.75,294216.0,310932.0
plaintext-warm,4,vhost-user-blk-shared-cache,memfd,10,10,0.7001419498,0.6822838840000001,0.7990046553999999,0.660059032,0.885028234,10,0.0040777242,0.003657648,0.0060425188999999975,0.00311152,0.007379252,10,352283443.2,352473088.0,360441241.6,342679552.0,361910272.0,10,107540070.4,107894784.0,115590963.19999999,97472512.0,117174272.0,10,227775283.2,227778560.0,228053811.2,227479552.0,228061184.0,10,226852864.0,226852864.0,227115008.0,226590720.0,227115008.0,10,297859891.2,297623552.0,303521996.8,291090432.0,304390144.0,10,1725218.9,1651878.5,2062390.4999999993,1622135.0,2334186.0,10,770048.0,770048.0,770048.0,770048.0,770048.0,10,300887.3,300770.0,306545.9,294059.0,307094.0
plaintext-warm,8,lazy-pmem,file,10,10,1.3149340239,0.9435634955000001,2.908312048149998,0.914100329,3.678684073,10,0.0132491387,0.0033939039999999997,0.057800021399999894,0.003127468,0.102049713,10,590254899.2,589621248.0,596988108.8,579743744.0,597340160.0,10,152350720.0,151484416.0,158210252.8,144961536.0,158728192.0,10,408228659.2,408801280.0,409057075.2,405000192.0,409202688.0,10,395583488.0,396230656.0,396379340.8,392335360.0,396500992.0,10,535488102.4,535676928.0,540950323.2,524029952.0,541224960.0,10,5983023.5,3341369.5,17243279.249999985,3199130.0,22666047.0,10,1590886.4,1540096.0,1819443.1999999995,1540096.0,2048000.0,10,528489.4,529385.0,531404.2,524168.0,531658.0
plaintext-warm,8,lazy-pmem,memfd,10,10,1.7266254116,2.0699240645000003,2.5243601831499998,0.927802994,2.666438176,10,0.003550571,0.0033424644999999996,0.004666911849999999,0.002882684,0.004986568,10,591519334.4,591675392.0,595582976.0,587161600.0,596209664.0,10,154382745.6,155117568.0,158390067.2,148897792.0,158425088.0,10,407787520.0,408313856.0,408888320.0,405721088.0,408952832.0,10,405993062.4,406478848.0,407090995.2,403881984.0,407162880.0,10,537974374.4,538183680.0,542235852.8,532705280.0,542486528.0,10,9701644.3,12464099.5,16525031.399999999,3250853.0,17664543.0,10,1540096.0,1540096.0,1540096.0,1540096.0,1540096.0,10,527864.4,528253.5,530017.45,523935.0,530728.0
plaintext-warm,8,vhost-user-blk-shared-cache,file,10,10,1.4869445717,1.2634578214999999,2.5725533561,1.014768969,2.65097087,10,0.0038625021000000003,0.003649737,0.004638489799999999,0.003376983,0.004880948,10,649587097.6,647868416.0,665684992.0,638980096.0,669122560.0,10,176379904.0,174489600.0,192948633.6,166473728.0,196509696.0,10,443324825.6,443408384.0,443459788.79999995,442707968.0,443461632.0,10,429925171.2,430014464.0,430014464.0,429318144.0,430014464.0,10,594250137.6,593164288.0,608469196.8,583917568.0,611364864.0,10,7069303.7,4702213.5,16344750.499999998,3702067.0,17331056.0,10,1540096.0,1540096.0,1540096.0,1540096.0,1540096.0,10,577735.0,575158.0,590621.8999999999,570799.0,594140.0
plaintext-warm,8,vhost-user-blk-shared-cache,memfd,10,10,1.3035238771,1.061838609,2.2713964847499994,1.020160729,2.590899232,10,0.0036797283,0.003508723,0.004623693199999999,0.003190213,0.004831451,10,648273510.4,649072640.0,657834803.2,635056128.0,657952768.0,10,175226060.8,176529408.0,184217804.8,162070528.0,184496128.0,10,443327283.2,443385856.0,443460608.0,442740736.0,443469824.0,10,441518080.0,441597952.0,441597952.0,440848384.0,441597952.0,10,594110464.0,596221952.0,601994444.8,580018176.0,602042368.0,10,5519350.1,3762848.0,12749522.499999994,3620339.0,15374314.0,10,1540096.0,1540096.0,1540096.0,1540096.0,1540096.0,10,576063.3,576240.0,582904.1499999999,566771.0,582964.0
