source_state,vm_count,comparison,left_mode,baseline_mode,metric,unit,rounds,left_median,left_p95,baseline_median,baseline_p95,paired_delta_median,paired_delta_ci_low,paired_delta_ci_high,improvement_pct_median,improvement_pct_ci_low,improvement_pct_ci_high,left_better_rounds,equal_rounds
plaintext-cold,1,shared_vs_current,vhost-user-blk-shared-cache,vhost-user-blk,application_ready_seconds,s,10,0.7979380075,0.8820554829,0.9214638159999999,1.8495371128999984,-0.11892104399999992,-0.20287080949999997,-0.07159456350000004,13.023215937276616,7.774788223249241,20.411022181036557,10,0
plaintext-cold,1,shared_vs_current,vhost-user-blk-shared-cache,vhost-user-blk,first_operation_ms,ms,10,3.0467035000000005,9.355268249999988,4.907871500000001,5.72940165,-2.0584095000000002,-2.5418600000000002,-1.7742299999999998,41.60064462623171,36.01057770000176,47.06119386823046,9,0
plaintext-cold,1,shared_vs_current,vhost-user-blk-shared-cache,vhost-user-blk,held_memory_mib,MiB,10,123.216796875,126.93359375,125.14453125,134.236328125,-2.82421875,-5.35546875,-0.123046875,2.2575486686530004,0.0995609018308326,4.109958630613346,8,0
plaintext-cold,1,shared_vs_current,vhost-user-blk-shared-cache,vhost-user-blk,total_pss_mib,MiB,10,93.10498046875,94.845703125,116.41796875,119.26923828124998,-23.99853515625,-26.072265625,-21.296875,20.490287118439575,18.486682603462015,22.25851926385801,10,0
plaintext-cold,1,shared_vs_current,vhost-user-blk-shared-cache,vhost-user-blk,app_ready_cpu_seconds,s,10,0.785263,0.8269058499999999,1.51798,1.6905281999999997,-0.7158675,-0.7770605,-0.694401,47.809955116324005,46.05513787768325,50.22417856729304,10,0
plaintext-cold,1,shared_vs_current,vhost-user-blk-shared-cache,vhost-user-blk,app_ready_io_read_mib,MiB,10,0.0,0.09199218749999982,0.0,7.733593749999986,0.0,-0.00390625,0.0,99.41634241245137,98.83268482490273,100.0,2,7
plaintext-cold,1,shared_vs_current,vhost-user-blk-shared-cache,vhost-user-blk,app_ready_io_write_mib,MiB,10,11.33984375,11.33984375,0.18359375,0.18359375,11.15625,11.15625,11.15625,-6076.595744680852,-6076.595744680852,-6076.595744680852,0,0
plaintext-cold,1,pmem_vs_current,lazy-pmem,vhost-user-blk,application_ready_seconds,s,10,0.7849121665000001,0.8829556058499999,0.9214638159999999,1.8495371128999984,-0.1363560425,-0.30230502000000004,-0.09583703899999996,14.86248962425783,10.422444662425217,32.22099092994167,9,0
plaintext-cold,1,pmem_vs_current,lazy-pmem,vhost-user-blk,first_operation_ms,ms,10,2.9371215,4.212739799999998,4.907871500000001,5.72940165,-2.360973,-3.1620660000000003,-1.7453349999999994,45.51419072509975,35.818995487467596,60.19680722850327,9,0
plaintext-cold,1,pmem_vs_current,lazy-pmem,vhost-user-blk,held_memory_mib,MiB,10,114.625,120.405859375,125.14453125,134.236328125,-10.130859375,-13.1328125,-6.712890625,8.215643441736663,5.368126024301535,10.323063399046813,10,0
plaintext-cold,1,pmem_vs_current,lazy-pmem,vhost-user-blk,total_pss_mib,MiB,10,91.7041015625,93.4041015625,116.41796875,119.26923828124998,-24.6962890625,-26.3369140625,-23.638671875,21.213436664898403,20.39223489524808,22.278377965842985,10,0
plaintext-cold,1,pmem_vs_current,lazy-pmem,vhost-user-blk,app_ready_cpu_seconds,s,10,0.693596,0.769815,1.51798,1.6905281999999997,-0.8335235,-0.8722945000000001,-0.7741169999999999,55.07863246019389,51.523915127052014,56.08908572434767,10,0
plaintext-cold,1,pmem_vs_current,lazy-pmem,vhost-user-blk,app_ready_io_read_mib,MiB,10,0.0,0.008593749999999983,0.0,7.733593749999986,0.0,-0.00390625,0.0,99.9444135630906,99.88882712618121,100.0,2,8
plaintext-cold,1,pmem_vs_current,lazy-pmem,vhost-user-blk,app_ready_io_write_mib,MiB,10,10.55859375,10.55859375,0.18359375,0.18359375,10.375,10.375,10.375,-5651.063829787234,-5651.063829787234,-5651.063829787234,0,0
plaintext-cold,1,pmem_vs_shared,lazy-pmem,vhost-user-blk-shared-cache,application_ready_seconds,s,10,0.7849121665000001,0.8829556058499999,0.7979380075,0.8820554829,-0.03668448449999995,-0.11389309800000003,0.009920421499999943,4.281536982579201,-1.241505636663983,13.885020332522515,7,0
plaintext-cold,1,pmem_vs_shared,lazy-pmem,vhost-user-blk-shared-cache,first_operation_ms,ms,10,2.9371215,4.212739799999998,3.0467035000000005,9.355268249999988,-0.3534599999999999,-1.1967880000000002,0.3597305000000002,12.571149404590694,-14.37705178442684,36.85298013897606,6,0
plaintext-cold,1,pmem_vs_shared,lazy-pmem,vhost-user-blk-shared-cache,held_memory_mib,MiB,10,114.625,120.405859375,123.216796875,126.93359375,-8.296875,-11.453125,-4.640625,6.79627560433557,3.84204909284952,9.103893684406632,10,0
plaintext-cold,1,pmem_vs_shared,lazy-pmem,vhost-user-blk-shared-cache,total_pss_mib,MiB,10,91.7041015625,93.4041015625,93.10498046875,94.845703125,-1.10009765625,-3.5908203125,1.17822265625,1.1816793286094205,-1.3169827754129313,3.786388771611867,6,0
plaintext-cold,1,pmem_vs_shared,lazy-pmem,vhost-user-blk-shared-cache,app_ready_cpu_seconds,s,10,0.693596,0.769815,0.785263,0.8269058499999999,-0.10692599999999997,-0.13473849999999998,-0.032301000000000024,13.488312098935012,4.219655671080842,16.521607881796086,8,0
plaintext-cold,1,pmem_vs_shared,lazy-pmem,vhost-user-blk-shared-cache,app_ready_io_read_mib,MiB,10,0.0,0.008593749999999983,0.0,0.09199218749999982,0.0,-0.001953125,0.0,95.23809523809524,90.47619047619048,100.0,2,8
plaintext-cold,1,pmem_vs_shared,lazy-pmem,vhost-user-blk-shared-cache,app_ready_io_write_mib,MiB,10,10.55859375,10.55859375,11.33984375,11.33984375,-0.78125,-0.78125,-0.78125,6.889424733034792,6.889424733034792,6.889424733034792,10,0
plaintext-cold,4,shared_vs_current,vhost-user-blk-shared-cache,vhost-user-blk,application_ready_seconds,s,10,0.9693818775,1.2329969414000002,1.4678714785,1.6483654940999997,-0.4733929545000001,-0.589137264,-0.315909851,33.14809436627861,21.46708170834433,38.83505691412687,10,0
plaintext-cold,4,shared_vs_current,vhost-user-blk-shared-cache,vhost-user-blk,first_operation_ms,ms,10,3.325393,20.691824449999967,5.865116,9.2502098,-2.4211055,-4.4122375,-2.2491399999999997,43.33570000323273,40.90606462828441,56.47056012421487,9,0
plaintext-cold,4,shared_vs_current,vhost-user-blk-shared-cache,vhost-user-blk,held_memory_mib,MiB,10,341.509765625,348.058984375,435.978515625,438.6341796875,-93.009765625,-98.068359375,-89.2890625,21.404814005501088,20.424246756495943,22.453934375736054,10,0
plaintext-cold,4,shared_vs_current,vhost-user-blk-shared-cache,vhost-user-blk,total_pss_mib,MiB,10,296.935546875,304.3818359375,409.09423828125,414.539453125,-112.42529296875,-114.98974609375,-108.134765625,27.552868472860624,26.42985693076633,28.20959186715846,10,0
plaintext-cold,4,shared_vs_current,vhost-user-blk-shared-cache,vhost-user-blk,app_ready_cpu_seconds,s,10,2.163927,2.3110537,7.8720935,9.3718404,-5.7224355,-6.1385725,-5.230106,72.56074680038377,70.58955671810594,73.98644647961547,10,0
plaintext-cold,4,shared_vs_current,vhost-user-blk-shared-cache,vhost-user-blk,app_ready_io_read_mib,MiB,10,0.0,0.012890624999999975,0.0,0.12929687499999998,0.0,-0.0625,0.0,100.0,82.35294117647058,100.0,3,7
plaintext-cold,4,shared_vs_current,vhost-user-blk-shared-cache,vhost-user-blk,app_ready_io_write_mib,MiB,10,11.890625,11.890625,0.734375,0.734375,11.15625,11.15625,11.15625,-1519.148936170213,-1519.148936170213,-1519.148936170213,0,0
plaintext-cold,4,pmem_vs_current,lazy-pmem,vhost-user-blk,application_ready_seconds,s,10,0.888864329,1.1956096959499996,1.4678714785,1.6483654940999997,-0.5856762705,-0.711711241,-0.46590318300000005,39.03467284949298,32.469541880855864,48.33704156078634,10,0
plaintext-cold,4,pmem_vs_current,lazy-pmem,vhost-user-blk,first_operation_ms,ms,10,3.357268,5.449741549999998,5.865116,9.2502098,-2.6498515000000005,-4.105802000000001,-2.250444,42.759513507802716,39.340190705663325,54.91090079921819,9,0
plaintext-cold,4,pmem_vs_current,lazy-pmem,vhost-user-blk,held_memory_mib,MiB,10,308.841796875,312.4369140625,435.978515625,438.6341796875,-126.7265625,-128.875,-122.81640625,29.06658907639456,28.378144744422322,29.472621525761404,10,0
plaintext-cold,4,pmem_vs_current,lazy-pmem,vhost-user-blk,total_pss_mib,MiB,10,275.234375,278.10947265625,409.09423828125,414.539453125,-134.48388671875,-136.4599609375,-131.9501953125,32.85897141193025,32.26753040265835,33.20547644393949,10,0
plaintext-cold,4,pmem_vs_current,lazy-pmem,vhost-user-blk,app_ready_cpu_seconds,s,10,1.905961,2.8709570999999983,7.8720935,9.3718404,-5.8643345,-6.3973125,-5.545325999999999,75.30271561682645,73.95471956794611,77.1126752973361,10,0
plaintext-cold,4,pmem_vs_current,lazy-pmem,vhost-user-blk,app_ready_io_read_mib,MiB,10,0.0,0.0775390624999999,0.0,0.12929687499999998,0.0,-0.0625,0.0,100.0,85.29411764705883,100.0,3,6
plaintext-cold,4,pmem_vs_current,lazy-pmem,vhost-user-blk,app_ready_io_write_mib,MiB,10,11.109375,11.109375,0.734375,0.734375,10.375,10.375,10.375,-1412.7659574468084,-1412.7659574468084,-1412.7659574468084,0,0
plaintext-cold,4,pmem_vs_shared,lazy-pmem,vhost-user-blk-shared-cache,application_ready_seconds,s,10,0.888864329,1.1956096959499996,0.9693818775,1.2329969414000002,-0.14943720350000006,-0.2320195925000001,0.03153491999999991,15.826671182179686,-3.1226534613246213,21.018423725187265,7,0
plaintext-cold,4,pmem_vs_shared,lazy-pmem,vhost-user-blk-shared-cache,first_operation_ms,ms,10,3.357268,5.449741549999998,3.325393,20.691824449999967,0.24831250000000016,-0.24275049999999987,0.6734175000000002,-8.07371318645593,-19.49614755866297,7.0602482403330304,4,0
plaintext-cold,4,pmem_vs_shared,lazy-pmem,vhost-user-blk-shared-cache,held_memory_mib,MiB,10,308.841796875,312.4369140625,341.509765625,348.058984375,-33.798828125,-36.98046875,-29.251953125,9.885589831969462,8.668870795447699,10.630151137460981,10,0
plaintext-cold,4,pmem_vs_shared,lazy-pmem,vhost-user-blk-shared-cache,total_pss_mib,MiB,10,275.234375,278.10947265625,296.935546875,304.3818359375,-22.38916015625,-25.439453125,-20.3359375,7.54133377596867,6.882624545956325,8.449147959002863,10,0
plaintext-cold,4,pmem_vs_shared,lazy-pmem,vhost-user-blk-shared-cache,app_ready_cpu_seconds,s,10,1.905961,2.8709570999999983,2.163927,2.3110537,-0.2527944999999999,-0.32085149999999996,-0.14044149999999989,11.682124659377598,6.414177284467121,14.629810095494323,9,0
plaintext-cold,4,pmem_vs_shared,lazy-pmem,vhost-user-blk-shared-cache,app_ready_io_read_mib,MiB,10,0.0,0.0775390624999999,0.0,0.012890624999999975,0.0,0.0,0.0,16.666666666666664,16.666666666666664,16.666666666666664,1,8
plaintext-cold,4,pmem_vs_shared,lazy-pmem,vhost-user-blk-shared-cache,app_ready_io_write_mib,MiB,10,11.109375,11.109375,11.890625,11.890625,-0.78125,-0.78125,-0.78125,6.57030223390276,6.57030223390276,6.57030223390276,10,0
plaintext-cold,8,shared_vs_current,vhost-user-blk-shared-cache,vhost-user-blk,application_ready_seconds,s,10,1.347554954,1.5848474941,2.8010426969999997,3.56456933505,-1.578120776,-1.9550556879999998,-1.212944664,56.338312908812995,45.2446749981861,59.158693424232425,10,0
plaintext-cold,8,shared_vs_current,vhost-user-blk-shared-cache,vhost-user-blk,first_operation_ms,ms,10,3.6591205,4.2256219,6.5044260000000005,12.845378249999996,-2.9416605000000002,-4.7668315,-2.2854209999999995,42.7379358971655,37.8151549541592,56.559223290186075,10,0
plaintext-cold,8,shared_vs_current,vhost-user-blk-shared-cache,vhost-user-blk,held_memory_mib,MiB,10,628.0703125,639.3267578125001,835.638671875,844.0484375,-208.091796875,-208.80078125,-199.421875,24.768779879458258,24.13205564607091,25.00984067478913,10,0
plaintext-cold,8,shared_vs_current,vhost-user-blk-shared-cache,vhost-user-blk,total_pss_mib,MiB,10,570.708984375,581.4320312499999,795.552734375,802.688720703125,-223.6953125,-227.1201171875,-221.45751953125,28.14373113827768,27.657159438100603,28.649174459795855,10,0
plaintext-cold,8,shared_vs_current,vhost-user-blk-shared-cache,vhost-user-blk,app_ready_cpu_seconds,s,10,4.556072,8.126191649999999,22.789286,31.598980799999996,-18.513572500000002,-24.409442,-15.8630795,80.48841083511223,72.93859003786122,84.48957765564063,10,0
plaintext-cold,8,shared_vs_current,vhost-user-blk-shared-cache,vhost-user-blk,app_ready_io_read_mib,MiB,10,0.0,0.002148437499999996,0.0,0.10917968749999996,0.0,-0.044921875,0.0,100.0,66.66666666666666,100.0,3,7
plaintext-cold,8,shared_vs_current,vhost-user-blk-shared-cache,vhost-user-blk,app_ready_io_write_mib,MiB,10,12.625,12.625,1.46875,1.46875,11.15625,11.15625,11.15625,-759.5744680851064,-759.5744680851064,-759.5744680851064,0,0
plaintext-cold,8,pmem_vs_current,lazy-pmem,vhost-user-blk,application_ready_seconds,s,10,1.1120189150000002,1.5291120054999996,2.8010426969999997,3.56456933505,-1.6239802305,-2.121996333,-1.5217187349999999,60.5993656603918,54.81577825867606,65.44464671621324,10,0
plaintext-cold,8,pmem_vs_current,lazy-pmem,vhost-user-blk,first_operation_ms,ms,10,3.462329,6.917103849999997,6.5044260000000005,12.845378249999996,-2.7997274999999995,-3.498132,-1.8243200000000002,45.02570814922713,19.054302636668307,50.267156924821926,10,0
plaintext-cold,8,pmem_vs_current,lazy-pmem,vhost-user-blk,held_memory_mib,MiB,10,566.63671875,579.1011718750001,835.638671875,844.0484375,-266.0,-271.03125,-258.67568359375,32.0233931803257,31.00226897111964,32.404410631471286,10,0
plaintext-cold,8,pmem_vs_current,lazy-pmem,vhost-user-blk,total_pss_mib,MiB,10,517.7578125,523.1307617187499,795.552734375,802.688720703125,-277.32373046875,-283.7392578125,-271.0322265625,34.862810936998116,34.12205649455092,35.53372933612663,10,0
plaintext-cold,8,pmem_vs_current,lazy-pmem,vhost-user-blk,app_ready_cpu_seconds,s,10,3.8186165,4.02465565,22.789286,31.598980799999996,-19.066626,-25.073808,-18.344772,83.93517383198699,82.8654894576803,86.32042592392173,10,0
plaintext-cold,8,pmem_vs_current,lazy-pmem,vhost-user-blk,app_ready_io_read_mib,MiB,10,0.0,0.14140624999999998,0.0,0.10917968749999996,0.0,-0.044921875,0.06640625,100.0,-1166.6666666666665,100.0,2,6
plaintext-cold,8,pmem_vs_current,lazy-pmem,vhost-user-blk,app_ready_io_write_mib,MiB,10,11.84375,11.84375,1.46875,1.46875,10.375,10.375,10.375,-706.3829787234042,-706.3829787234042,-706.3829787234042,0,0
plaintext-cold,8,pmem_vs_shared,lazy-pmem,vhost-user-blk-shared-cache,application_ready_seconds,s,10,1.1120189150000002,1.5291120054999996,1.347554954,1.5848474941,-0.24980720899999997,-0.3659016934999999,-0.015142313000000018,18.24416263155808,0.789387384295785,25.351430942106212,8,0
plaintext-cold,8,pmem_vs_shared,lazy-pmem,vhost-user-blk-shared-cache,first_operation_ms,ms,10,3.462329,6.917103849999997,3.6591205,4.2256219,-0.05588700000000024,-0.47282350000000006,0.9904360000000003,1.4793092284625686,-28.71852039293094,12.788129728769412,5,0
plaintext-cold,8,pmem_vs_shared,lazy-pmem,vhost-user-blk-shared-cache,held_memory_mib,MiB,10,566.63671875,579.1011718750001,628.0703125,639.3267578125001,-62.36328125,-69.337890625,-54.615234375,9.94475518338757,8.708255870072676,10.896157799459086,10,0
plaintext-cold,8,pmem_vs_shared,lazy-pmem,vhost-user-blk-shared-cache,total_pss_mib,MiB,10,517.7578125,523.1307617187499,570.708984375,581.4320312499999,-52.9140625,-59.32861328125,-48.7119140625,9.328334280781826,8.502754760291124,10.297996327993014,10,0
plaintext-cold,8,pmem_vs_shared,lazy-pmem,vhost-user-blk-shared-cache,app_ready_cpu_seconds,s,10,3.8186165,4.02465565,4.556072,8.126191649999999,-0.8141784999999999,-2.1447125,-0.5081850000000001,17.712484094736226,11.174215604960251,34.643797848342054,10,0
plaintext-cold,8,pmem_vs_shared,lazy-pmem,vhost-user-blk-shared-cache,app_ready_io_read_mib,MiB,10,0.0,0.14140624999999998,0.0,0.002148437499999996,0.0,0.0,0.06640625,-3700.0,-3700.0,-3700.0,0,8
plaintext-cold,8,pmem_vs_shared,lazy-pmem,vhost-user-blk-shared-cache,app_ready_io_write_mib,MiB,10,11.84375,11.84375,12.625,12.625,-0.78125,-0.78125,-0.78125,6.188118811881188,6.188118811881188,6.188118811881188,10,0
plaintext-warm,1,shared_vs_current,vhost-user-blk-shared-cache,vhost-user-blk,application_ready_seconds,s,10,0.4516053215,0.5077596446999999,0.898559298,0.9125139012499999,-0.439227639,-0.463427755,-0.430246477,49.12642840052118,48.216142491232375,50.793185527877995,10,0
plaintext-warm,1,shared_vs_current,vhost-user-blk-shared-cache,vhost-user-blk,first_operation_ms,ms,10,3.4637244999999997,29.44634634999995,5.105722500000001,6.798106099999998,-1.8337035000000002,-2.3136840000000003,-1.0856150000000002,36.490726839366204,21.861733694495356,46.303555393574385,9,0
plaintext-warm,1,shared_vs_current,vhost-user-blk-shared-cache,vhost-user-blk,held_memory_mib,MiB,10,123.283203125,124.87734375,126.091796875,129.9275390625,-3.767578125,-6.83984375,-1.591796875,2.987691410828673,1.284767491209677,5.261576369482256,9,0
plaintext-warm,1,shared_vs_current,vhost-user-blk-shared-cache,vhost-user-blk,total_pss_mib,MiB,10,92.11865234375,94.321435546875,116.5322265625,119.0794921875,-24.4990234375,-26.51025390625,-23.22314453125,20.97293179174776,19.717015498741556,22.58669814495036,10,0
plaintext-warm,1,shared_vs_current,vhost-user-blk-shared-cache,vhost-user-blk,app_ready_cpu_seconds,s,10,1.2231795,1.2546498,2.959402,3.1379531,-1.741193,-1.8532119999999999,-1.7030254999999999,58.73560839024731,58.22119003655782,60.398013212254206,10,0
plaintext-warm,1,shared_vs_current,vhost-user-blk-shared-cache,vhost-user-blk,app_ready_io_read_mib,MiB,10,0.0,0.002148437499999996,0.0,0.002148437499999996,0.0,0.0,0.0,0.0,0.0,0.0,0,10
plaintext-warm,1,shared_vs_current,vhost-user-blk-shared-cache,vhost-user-blk,app_ready_io_write_mib,MiB,10,11.5234375,11.5234375,0.3671875,0.3671875,11.15625,11.15625,11.15625,-3038.297872340426,-3038.297872340426,-3038.297872340426,0,0
plaintext-warm,1,pmem_vs_current,lazy-pmem,vhost-user-blk,application_ready_seconds,s,10,0.4423026085,0.5055111210999998,0.898559298,0.9125139012499999,-0.45267333400000004,-0.4671500955,-0.43850826500000006,50.981501334747904,49.1316534741992,51.65948738014543,10,0
plaintext-warm,1,pmem_vs_current,lazy-pmem,vhost-user-blk,first_operation_ms,ms,10,2.8393235,3.2274043,5.105722500000001,6.798106099999998,-2.493183,-2.8480565,-2.1232380000000006,46.52586796827143,42.757021343692685,51.78309563258373,10,0
plaintext-warm,1,pmem_vs_current,lazy-pmem,vhost-user-blk,held_memory_mib,MiB,10,113.697265625,118.4693359375,126.091796875,129.9275390625,-13.451171875,-15.263671875,-7.92578125,10.591469457462917,6.502579880139731,11.82124214037814,10,0
plaintext-warm,1,pmem_vs_current,lazy-pmem,vhost-user-blk,total_pss_mib,MiB,10,91.53173828125,92.57978515625,116.5322265625,119.0794921875,-25.484375,-26.97314453125,-22.9013671875,21.758578819287756,20.016217138955277,22.790808720174176,10,0
plaintext-warm,1,pmem_vs_current,lazy-pmem,vhost-user-blk,app_ready_cpu_seconds,s,10,1.1043504999999998,1.4539605999999994,2.959402,3.1379531,-1.8564885,-1.95414,-1.8045485,62.908639111634315,60.03871986771068,64.13992360481153,10,0
plaintext-warm,1,pmem_vs_current,lazy-pmem,vhost-user-blk,app_ready_io_read_mib,MiB,10,0.0,0.002148437499999996,0.0,0.002148437499999996,0.0,0.0,0.0,100.0,100.0,100.0,1,8
plaintext-warm,1,pmem_vs_current,lazy-pmem,vhost-user-blk,app_ready_io_write_mib,MiB,10,10.7421875,10.7421875,0.3671875,0.3671875,10.375,10.375,10.375,-2825.531914893617,-2825.531914893617,-2825.531914893617,0,0
plaintext-warm,1,pmem_vs_shared,lazy-pmem,vhost-user-blk-shared-cache,application_ready_seconds,s,10,0.4423026085,0.5055111210999998,0.4516053215,0.5077596446999999,-0.00984523100000001,-0.02911463049999999,0.008676047999999992,2.151052998199593,-2.038405846536019,6.270240460032246,8,0
plaintext-warm,1,pmem_vs_shared,lazy-pmem,vhost-user-blk-shared-cache,first_operation_ms,ms,10,2.8393235,3.2274043,3.4637244999999997,29.44634634999995,-0.5701535,-1.280098,-0.12170000000000014,17.980252964565828,3.738388729160421,28.819685265150472,8,0
plaintext-warm,1,pmem_vs_shared,lazy-pmem,vhost-user-blk-shared-cache,held_memory_mib,MiB,10,113.697265625,118.4693359375,123.283203125,124.87734375,-9.3125,-11.185546875,-5.73046875,7.618321715466545,4.410443966111908,9.01441900207015,10,0
plaintext-warm,1,pmem_vs_shared,lazy-pmem,vhost-user-blk-shared-cache,total_pss_mib,MiB,10,91.53173828125,92.57978515625,92.11865234375,94.321435546875,-0.6962890625,-2.296875,1.5283203125,0.7550039915825664,-1.6848247351649297,2.4775106916384013,6,0
plaintext-warm,1,pmem_vs_shared,lazy-pmem,vhost-user-blk-shared-cache,app_ready_cpu_seconds,s,10,1.1043504999999998,1.4539605999999994,1.2231795,1.2546498,-0.13107800000000003,-0.14187241249999988,-0.008649000000000018,10.837081925236662,0.6159299950267498,11.551721293957288,8,0
plaintext-warm,1,pmem_vs_shared,lazy-pmem,vhost-user-blk-shared-cache,app_ready_io_read_mib,MiB,10,0.0,0.002148437499999996,0.0,0.002148437499999996,0.0,0.0,0.0,100.0,100.0,100.0,1,8
plaintext-warm,1,pmem_vs_shared,lazy-pmem,vhost-user-blk-shared-cache,app_ready_io_write_mib,MiB,10,10.7421875,10.7421875,11.5234375,11.5234375,-0.78125,-0.78125,-0.78125,6.779661016949152,6.779661016949152,6.779661016949152,10,0
plaintext-warm,4,shared_vs_current,vhost-user-blk-shared-cache,vhost-user-blk,application_ready_seconds,s,10,0.6803420175,0.7786883670999999,1.4402805975000001,1.93940418115,-0.7599378235,-1.0027425625,-0.7031849579999999,52.048096718137415,50.39430400134404,58.79027232292868,10,0
plaintext-warm,4,shared_vs_current,vhost-user-blk-shared-cache,vhost-user-blk,first_operation_ms,ms,10,3.264951,3.62064495,6.7992025,11.779624599999998,-3.670927,-7.0000715,-2.4821744999999997,53.659805309061014,39.998920330889156,67.3242204227958,10,0
plaintext-warm,4,shared_vs_current,vhost-user-blk-shared-cache,vhost-user-blk,held_memory_mib,MiB,10,332.56640625,336.026171875,429.69140625,437.192578125,-95.73046875,-102.283203125,-94.84765625,22.336354300934854,22.127667262904946,23.52249423639843,10,0
plaintext-warm,4,shared_vs_current,vhost-user-blk-shared-cache,vhost-user-blk,total_pss_mib,MiB,10,293.529296875,297.180517578125,407.47119140625,410.38750000000005,-113.66552734375,-115.9208984375,-108.8876953125,27.71782399361082,26.993290417455107,28.507673445632314,10,0
plaintext-warm,4,shared_vs_current,vhost-user-blk-shared-cache,vhost-user-blk,app_ready_cpu_seconds,s,10,2.513217,2.6044458500000003,9.0223695,12.364947,-6.5226395,-8.117245,-6.3263465000000005,72.30027519554055,71.93679015880203,76.24926378518214,10,0
plaintext-warm,4,shared_vs_current,vhost-user-blk-shared-cache,vhost-user-blk,app_ready_io_read_mib,MiB,10,0.0,0.004296874999999992,0.0,0.07089843749999986,0.0,0.0,0.0,100.0,100.0,100.0,1,8
plaintext-warm,4,shared_vs_current,vhost-user-blk-shared-cache,vhost-user-blk,app_ready_io_write_mib,MiB,10,12.07421875,12.07421875,0.91796875,0.91796875,11.15625,11.15625,11.15625,-1215.3191489361702,-1215.3191489361702,-1215.3191489361702,0,0
plaintext-warm,4,pmem_vs_current,lazy-pmem,vhost-user-blk,application_ready_seconds,s,10,0.6259411260000001,0.6513937536499999,1.4402805975000001,1.93940418115,-0.8211864655,-1.059811608,-0.7576383489999999,56.72822887931832,54.548507990658166,62.242413875599375,10,0
plaintext-warm,4,pmem_vs_current,lazy-pmem,vhost-user-blk,first_operation_ms,ms,10,3.0062784999999996,3.3959211499999995,6.7992025,11.779624599999998,-4.177137999999999,-7.291322,-2.7783726750002273,60.978214577611084,47.646422886944485,70.20771727167681,10,0
plaintext-warm,4,pmem_vs_current,lazy-pmem,vhost-user-blk,held_memory_mib,MiB,10,304.564453125,312.46210937499995,429.69140625,437.192578125,-125.25,-128.955078125,-120.234375,29.206656263696146,27.990724321374984,29.830270766362936,10,0
plaintext-warm,4,pmem_vs_current,lazy-pmem,vhost-user-blk,total_pss_mib,MiB,10,274.48974609375,275.828125,407.47119140625,410.38750000000005,-132.6953125,-135.7041015625,-127.8408203125,32.565571919630685,31.93424291286625,33.098093557811126,10,0
plaintext-warm,4,pmem_vs_current,lazy-pmem,vhost-user-blk,app_ready_cpu_seconds,s,10,2.2320125,2.3985088,9.0223695,12.364947,-6.760089000000001,-8.412172000000002,-6.5112475000000005,75.32688035597236,74.47388997375488,79.01965775756717,10,0
plaintext-warm,4,pmem_vs_current,lazy-pmem,vhost-user-blk,app_ready_io_read_mib,MiB,10,0.0,0.0,0.0,0.07089843749999986,0.0,0.0,0.0,100.0,100.0,100.0,1,9
plaintext-warm,4,pmem_vs_current,lazy-pmem,vhost-user-blk,app_ready_io_write_mib,MiB,10,11.29296875,11.29296875,0.91796875,0.91796875,10.375,10.375,10.375,-1130.212765957447,-1130.212765957447,-1130.212765957447,0,0
plaintext-warm,4,pmem_vs_shared,lazy-pmem,vhost-user-blk-shared-cache,application_ready_seconds,s,10,0.6259411260000001,0.6513937536499999,0.6803420175,0.7786883670999999,-0.05313368399999996,-0.09138915250000001,-0.049833117500000024,7.839672228578998,7.227737824890709,12.886237425775775,10,0
plaintext-warm,4,pmem_vs_shared,lazy-pmem,vhost-user-blk-shared-cache,first_operation_ms,ms,10,3.0062784999999996,3.3959211499999995,3.264951,3.62064495,-0.29125049999999986,-0.5062110000000002,-0.17680000000000007,8.967232459522627,5.623155697166352,15.321812420930563,10,0
plaintext-warm,4,pmem_vs_shared,lazy-pmem,vhost-user-blk-shared-cache,held_memory_mib,MiB,10,304.564453125,312.46210937499995,332.56640625,336.026171875,-27.49609375,-31.54296875,-20.46875,8.252125225264848,6.212566764688232,9.465664817254511,10,0
plaintext-warm,4,pmem_vs_shared,lazy-pmem,vhost-user-blk-shared-cache,total_pss_mib,MiB,10,274.48974609375,275.828125,293.529296875,297.180517578125,-19.09716796875,-22.162109375,-17.82666015625,6.501321878807353,6.085259406674512,7.482075462385616,10,0
plaintext-warm,4,pmem_vs_shared,lazy-pmem,vhost-user-blk-shared-cache,app_ready_cpu_seconds,s,10,2.2320125,2.3985088,2.513217,2.6044458500000003,-0.2668465,-0.30923350000000016,-0.20950000000000024,10.777549594744865,8.538223527839103,12.206757248993686,10,0
plaintext-warm,4,pmem_vs_shared,lazy-pmem,vhost-user-blk-shared-cache,app_ready_io_read_mib,MiB,10,0.0,0.0,0.0,0.004296874999999992,0.0,0.0,0.0,100.0,100.0,100.0,1,9
plaintext-warm,4,pmem_vs_shared,lazy-pmem,vhost-user-blk-shared-cache,app_ready_io_write_mib,MiB,10,11.29296875,11.29296875,12.07421875,12.07421875,-0.78125,-0.78125,-0.78125,6.470397929472663,6.470397929472663,6.470397929472663,10,0
plaintext-warm,8,shared_vs_current,vhost-user-blk-shared-cache,vhost-user-blk,application_ready_seconds,s,10,1.038086781,1.5834356838499992,2.9475300105,3.9742746079499995,-1.6833192135,-2.3628248144999997,-1.548496826,62.2000502346052,57.48436865975737,69.11161716967685,10,0
plaintext-warm,8,shared_vs_current,vhost-user-blk-shared-cache,vhost-user-blk,first_operation_ms,ms,10,3.575101,23.280945199999966,7.145101499999999,9.556076999999997,-2.998577,-4.465606,-1.9321320000000002,44.08488794516155,32.916399381798094,57.657958462206885,9,0
plaintext-warm,8,shared_vs_current,vhost-user-blk-shared-cache,vhost-user-blk,held_memory_mib,MiB,10,613.126953125,622.1859375,836.62109375,846.71484375,-223.373046875,-226.060546875,-217.296875,26.5886987913179,25.972351634513196,27.01430881239661,10,0
plaintext-warm,8,shared_vs_current,vhost-user-blk-shared-cache,vhost-user-blk,total_pss_mib,MiB,10,562.150390625,568.7091796875,797.90234375,802.31962890625,-235.22802734375,-239.9736328125,-226.44482421875,29.36523915493725,28.62746870770648,30.011955397452855,10,0
plaintext-warm,8,shared_vs_current,vhost-user-blk-shared-cache,vhost-user-blk,app_ready_cpu_seconds,s,10,4.7611445,8.008123949999996,25.756225999999998,37.0135358,-20.9950815,-26.446333000000003,-18.367235,80.77860131612606,75.63104533029198,85.04687970773003,10,0
plaintext-warm,8,shared_vs_current,vhost-user-blk-shared-cache,vhost-user-blk,app_ready_io_read_mib,MiB,10,0.0,0.07265624999999987,0.0,0.01503906249999997,0.0,0.0,0.001953125,100.0,100.0,100.0,1,7
plaintext-warm,8,shared_vs_current,vhost-user-blk-shared-cache,vhost-user-blk,app_ready_io_write_mib,MiB,10,12.80859375,12.80859375,1.65234375,1.65234375,11.15625,11.15625,11.15625,-675.177304964539,-675.177304964539,-675.177304964539,0,0
plaintext-warm,8,pmem_vs_current,lazy-pmem,vhost-user-blk,application_ready_seconds,s,10,0.977465139,1.4094041241,2.9475300105,3.9742746079499995,-1.9992915289999997,-2.416061663,-1.5637077009999998,65.23349230194802,62.127598464534685,69.95627438048788,10,0
plaintext-warm,8,pmem_vs_current,lazy-pmem,vhost-user-blk,first_operation_ms,ms,10,3.2792440000000003,82.70272144999984,7.145101499999999,9.556076999999997,-3.1728175,-4.594167999999999,-1.1117410000000003,48.83600568470024,21.53108934195938,59.80538226936343,9,0
plaintext-warm,8,pmem_vs_current,lazy-pmem,vhost-user-blk,held_memory_mib,MiB,10,565.724609375,572.9072265625,836.62109375,846.71484375,-272.244140625,-278.638671875,-266.375,32.4679771713123,31.869540824883902,33.19728443876906,10,0
plaintext-warm,8,pmem_vs_current,lazy-pmem,vhost-user-blk,total_pss_mib,MiB,10,516.17431640625,519.801123046875,797.90234375,802.31962890625,-279.9189453125,-283.18896484375,-273.73876953125,35.10955204747296,34.60257480652052,35.49155946580856,10,0
plaintext-warm,8,pmem_vs_current,lazy-pmem,vhost-user-blk,app_ready_cpu_seconds,s,10,4.2459135,6.747558849999999,25.756225999999998,37.0135358,-21.524678,-28.160674,-17.938141,82.33852053119631,80.70731248887478,84.37309373527316,10,0
plaintext-warm,8,pmem_vs_current,lazy-pmem,vhost-user-blk,app_ready_io_read_mib,MiB,10,0.0,0.09355468749999996,0.0,0.01503906249999997,0.0,0.0,0.037109375,100.0,100.0,100.0,1,6
plaintext-warm,8,pmem_vs_current,lazy-pmem,vhost-user-blk,app_ready_io_write_mib,MiB,10,12.02734375,12.02734375,1.65234375,1.65234375,10.375,10.375,10.375,-627.8959810874704,-627.8959810874704,-627.8959810874704,0,0
plaintext-warm,8,pmem_vs_shared,lazy-pmem,vhost-user-blk-shared-cache,application_ready_seconds,s,10,0.977465139,1.4094041241,1.038086781,1.5834356838499992,-0.08204065000000005,-0.13560852850000005,0.11177594750000008,7.972673146240902,-10.533218948718641,12.00391227393537,8,0
plaintext-warm,8,pmem_vs_shared,lazy-pmem,vhost-user-blk-shared-cache,first_operation_ms,ms,10,3.2792440000000003,82.70272144999984,3.575101,23.280945199999966,-0.013700499999999893,-0.7340335,1.077311,0.4306964101828591,-32.55614445594216,18.291536705736718,5,0
plaintext-warm,8,pmem_vs_shared,lazy-pmem,vhost-user-blk-shared-cache,held_memory_mib,MiB,10,565.724609375,572.9072265625,613.126953125,622.1859375,-48.2265625,-56.435546875,-42.771484375,7.888222489521901,6.964403000110355,9.130933789911381,10,0
plaintext-warm,8,pmem_vs_shared,lazy-pmem,vhost-user-blk-shared-cache,total_pss_mib,MiB,10,516.17431640625,519.801123046875,562.150390625,568.7091796875,-46.07763671875,-48.4599609375,-41.8125,8.225159618722454,7.475111330336735,8.575282842953857,10,0
plaintext-warm,8,pmem_vs_shared,lazy-pmem,vhost-user-blk-shared-cache,app_ready_cpu_seconds,s,10,4.2459135,6.747558849999999,4.7611445,8.008123949999996,-0.4356340000000003,-1.4217954999999995,0.49453650000000016,9.374713214126754,-10.942423424435049,24.279145339147668,8,0
plaintext-warm,8,pmem_vs_shared,lazy-pmem,vhost-user-blk-shared-cache,app_ready_io_read_mib,MiB,10,0.0,0.09355468749999996,0.0,0.07265624999999987,0.0,0.0,0.03515625,-850.0,-1800.0,100.0,1,6
plaintext-warm,8,pmem_vs_shared,lazy-pmem,vhost-user-blk-shared-cache,app_ready_io_write_mib,MiB,10,12.02734375,12.02734375,12.80859375,12.80859375,-0.78125,-0.78125,-0.78125,6.099420555047271,6.099420555047271,6.099420555047271,10,0
